CEO,CFO
25,23
26,24
27,25
28,26
28,26
29,27
29,27
29,27
29,27
29,27
29,27
29,27
29,27
29,27
30,28
30,28
30,28
30,28
30,28
30,28
31,29
31,29
31,29
31,29
31,29
31,29
31,29
31,29
31,29
31,29
31,29
31,29
31,29
31,29
32,30
32,30
32,30
32,30
32,30
32,30
32,30
32,30
32,30
32,30
32,30
32,30
32,30
32,30
32,30
32,30
32,30
32,30
33,31
33,31
33,31
33,31
33,31
33,31
33,31
33,31
33,31
33,31
33,31
33,31
33,31
33,31
33,31
33,31
33,31
33,31
33,31
33,31
34,32
34,32
34,32
34,32
34,32
34,32
34,32
34,32
34,32
34,32
34,32
34,32
34,32
34,32
34,32
34,32
34,32
34,32
34,32
34,32
34,32
34,32
34,32
34,32
34,32
34,32
34,32
34,32
34,32
34,32
34,32
34,32
34,32
34,32
35,33
35,33
35,33
35,33
35,33
35,33
35,33
35,33
35,33
35,33
35,33
35,33
35,33
35,33
35,33
35,33
35,33
35,33
35,33
35,33
35,33
35,33
35,33
35,33
35,33
35,33
35,33
35,33
35,33
35,33
35,33
35,33
35,33
35,33
35,33
35,33
35,33
35,33
35,33
35,33
35,33
36,34
36,34
36,34
36,34
36,34
36,34
36,34
36,34
36,34
36,34
36,34
36,34
36,34
36,34
36,34
36,34
36,34
36,34
36,34
36,34
36,34
36,34
36,34
36,34
36,34
36,34
36,34
36,34
36,34
36,34
36,34
36,34
36,34
36,34
36,34
36,34
36,34
36,34
36,34
36,34
36,34
36,34
36,34
36,34
36,34
36,34
36,34
36,34
36,34
36,34
37,35
37,35
37,35
37,35
37,35
37,35
37,35
37,35
37,35
37,35
37,35
37,35
37,35
37,35
37,35
37,35
37,35
37,35
37,35
37,35
37,35
37,35
37,35
37,35
37,35
37,35
37,35
37,35
37,35
37,35
37,35
37,35
37,35
37,35
37,35
37,35
37,35
37,35
37,35
37,35
37,35
37,35
37,35
37,35
37,35
37,35
37,35
37,35
37,35
37,35
37,35
37,35
37,35
37,35
37,35
37,35
37,35
37,35
37,35
37,35
37,35
37,35
37,35
37,35
38,36
38,36
38,36
38,36
38,36
38,36
38,36
38,36
38,36
38,36
38,36
38,36
38,36
38,36
38,36
38,36
38,36
38,36
38,36
38,36
38,36
38,36
38,36
38,36
38,36
38,36
38,36
38,36
38,36
38,36
38,36
38,36
38,36
38,36
38,36
38,36
38,36
38,36
38,36
38,36
38,36
38,36
38,36
38,36
38,36
38,36
38,36
38,36
38,36
38,36
38,36
38,36
38,36
38,36
38,36
38,36
38,36
38,36
38,36
38,36
38,36
38,36
38,36
38,36
38,36
38,36
38,36
39,37
39,37
39,37
39,37
39,37
39,37
39,37
39,37
39,37
39,37
39,37
39,37
39,37
39,37
39,37
39,37
39,37
39,37
39,37
39,37
39,37
39,37
39,37
39,37
39,37
39,37
39,37
39,37
39,37
39,37
39,37
39,37
39,37
39,37
39,37
39,37
39,37
39,37
39,37
39,37
39,37
39,37
39,37
39,37
39,37
39,37
39,37
39,37
39,37
39,37
39,37
39,37
39,37
39,37
39,37
39,37
39,37
39,37
39,37
39,37
39,37
39,37
39,37
39,37
39,37
39,37
39,37
39,37
39,37
39,37
39,37
39,37
39,37
39,37
39,37
39,37
39,37
39,37
39,37
39,37
39,37
39,37
39,37
39,37
39,37
39,37
39,37
39,37
39,37
39,37
39,37
39,37
39,37
39,37
39,37
39,37
39,37
39,37
39,37
40,38
40,38
40,38
40,38
40,38
40,38
40,38
40,38
40,38
40,38
40,38
40,38
40,38
40,38
40,38
40,38
40,38
40,38
40,38
40,38
40,38
40,38
40,38
40,38
40,38
40,38
40,38
40,38
40,38
40,38
40,38
40,38
40,38
40,38
40,38
40,38
40,38
40,38
40,38
40,38
40,38
40,38
40,38
40,38
40,38
40,38
40,38
40,38
40,38
40,38
40,38
40,38
40,38
40,38
40,38
40,38
40,38
40,38
40,38
40,38
40,38
40,38
40,38
40,38
40,38
40,38
40,38
40,38
40,38
40,38
40,38
40,38
40,38
40,38
40,38
40,38
40,38
40,38
40,38
40,38
40,38
40,38
40,38
40,38
40,38
40,38
40,38
40,38
40,38
40,38
41,39
41,39
41,39
41,39
41,39
41,39
41,39
41,39
41,39
41,39
41,39
41,39
41,39
41,39
41,39
41,39
41,39
41,39
41,39
41,39
41,39
41,39
41,39
41,39
41,39
41,39
41,39
41,39
41,39
41,39
41,39
41,39
41,39
41,39
41,39
41,39
41,39
41,39
41,39
41,39
41,39
41,39
41,39
41,39
41,39
41,39
41,39
41,39
41,39
41,39
41,39
41,39
41,39
41,39
41,39
41,39
41,39
41,39
41,39
41,39
41,39
41,39
41,39
41,39
41,39
41,39
41,39
41,39
41,39
41,39
41,39
41,39
41,39
41,39
41,39
41,39
41,39
41,39
41,39
41,39
41,39
41,39
41,39
41,39
41,39
41,39
41,39
41,39
41,39
41,39
41,39
41,39
41,39
41,39
41,39
41,39
41,39
41,39
41,39
41,39
41,39
41,39
41,39
41,39
41,39
41,39
41,39
41,39
41,39
41,39
41,39
41,39
41,39
41,39
41,39
41,39
41,39
41,39
41,39
41,39
41,39
41,39
41,39
41,39
41,39
41,39
41,39
41,39
41,39
41,39
41,39
41,39
41,39
41,39
41,39
41,39
41,39
41,39
41,39
41,39
41,39
41,39
42,40
42,40
42,40
42,40
42,40
42,40
42,40
42,40
42,40
42,40
42,40
42,40
42,40
42,40
42,40
42,40
42,40
42,40
42,40
42,40
42,40
42,40
42,40
42,40
42,40
42,40
42,40
42,40
42,40
42,40
42,40
42,40
42,40
42,40
42,40
42,40
42,40
42,40
42,40
42,40
42,40
42,40
42,40
42,40
42,40
42,40
42,40
42,40
42,40
42,40
42,40
42,40
42,40
42,40
42,40
42,40
42,40
42,40
42,40
42,40
42,40
42,40
42,40
42,40
42,40
42,40
42,40
42,40
42,40
42,40
42,40
42,40
42,40
42,40
42,40
42,40
42,40
42,40
42,40
42,40
42,40
42,40
42,40
42,40
42,40
42,40
42,40
42,40
42,40
42,40
42,40
42,40
42,40
42,40
42,40
42,40
42,40
42,40
42,40
42,40
42,40
42,40
42,40
42,40
42,40
42,40
42,40
42,40
42,40
42,40
42,40
42,40
42,40
42,40
42,40
42,40
42,40
42,40
42,40
42,40
42,40
42,40
42,40
42,40
42,40
42,40
42,40
42,40
42,40
42,40
42,40
42,40
42,40
42,40
42,40
42,40
42,40
42,40
42,40
42,40
42,40
42,40
42,40
42,40
42,40
42,40
42,40
42,40
42,40
42,40
42,40
42,40
43,41
43,41
43,41
43,41
43,41
43,41
43,41
43,41
43,41
43,41
43,41
43,41
43,41
43,41
43,41
43,41
43,41
43,41
43,41
43,41
43,41
43,41
43,41
43,41
43,41
43,41
43,41
43,41
43,41
43,41
43,41
43,41
43,41
43,41
43,41
43,41
43,41
43,41
43,41
43,41
43,41
43,41
43,41
43,41
43,41
43,41
43,41
43,41
43,41
43,41
43,41
43,41
43,41
43,41
43,41
43,41
43,41
43,41
43,41
43,41
43,41
43,41
43,41
43,41
43,41
43,41
43,41
43,41
43,41
43,41
43,41
43,41
43,41
43,41
43,41
43,41
43,41
43,41
43,41
43,41
43,41
43,41
43,41
43,41
43,41
43,41
43,41
43,41
43,41
43,41
43,41
43,41
43,41
43,41
43,41
43,41
43,41
43,41
43,41
43,41
43,41
43,41
43,41
43,41
43,41
43,41
43,41
43,41
43,41
43,41
43,41
43,41
43,41
43,41
43,41
43,41
43,41
43,41
43,41
43,41
43,41
43,41
43,41
43,41
43,41
43,41
43,41
43,41
43,41
43,41
43,41
43,41
43,41
43,41
43,41
43,41
43,41
43,41
43,41
43,41
43,41
43,41
43,41
43,41
43,41
43,41
43,41
43,41
43,41
43,41
43,41
43,41
43,41
43,41
43,41
43,41
43,41
43,41
43,41
43,41
43,41
43,41
43,41
43,41
43,41
43,41
43,41
43,41
43,41
43,41
43,41
43,41
43,41
43,41
43,41
43,41
43,41
44,42
44,42
44,42
44,42
44,42
44,42
44,42
44,42
44,42
44,42
44,42
44,42
44,42
44,42
44,42
44,42
44,42
44,42
44,42
44,42
44,42
44,42
44,42
44,42
44,42
44,42
44,42
44,42
44,42
44,42
44,42
44,42
44,42
44,42
44,42
44,42
44,42
44,42
44,42
44,42
44,42
44,42
44,42
44,42
44,42
44,42
44,42
44,42
44,42
44,42
44,42
44,42
44,42
44,42
44,42
44,42
44,42
44,42
44,42
44,42
44,42
44,42
44,42
44,42
44,42
44,42
44,42
44,42
44,42
44,42
44,42
44,42
44,42
44,42
44,42
44,42
44,42
44,42
44,42
44,42
44,42
44,42
44,42
44,42
44,42
44,42
44,42
44,42
44,42
44,42
44,42
44,42
44,42
44,42
44,42
44,42
44,42
44,42
44,42
44,42
44,42
44,42
44,42
44,42
44,42
44,42
44,42
44,42
44,42
44,42
44,42
44,42
44,42
44,42
44,42
44,42
44,42
44,42
44,42
44,42
44,42
44,42
44,42
44,42
44,42
44,42
44,42
44,42
44,42
44,42
44,42
44,42
44,42
44,42
44,42
44,42
44,42
44,42
44,42
44,42
44,42
44,42
44,42
44,42
44,42
44,42
44,42
44,42
44,42
44,42
44,42
44,42
44,42
44,42
44,42
44,42
44,42
44,42
44,42
44,42
44,42
44,42
44,42
44,42
44,42
44,42
44,42
44,42
44,42
44,42
44,42
44,42
44,42
44,42
44,42
44,42
44,42
44,42
44,42
44,42
44,42
44,42
44,42
44,42
44,42
44,42
44,42
44,42
44,42
44,42
44,42
44,42
44,42
44,42
44,42
44,42
44,42
44,42
44,42
44,42
44,42
44,42
44,42
44,42
44,42
44,42
44,42
44,42
44,42
44,42
44,42
44,42
44,42
44,42
44,42
44,42
44,42
44,42
44,42
44,42
44,42
44,42
44,42
45,43
45,43
45,43
45,43
45,43
45,43
45,43
45,43
45,43
45,43
45,43
45,43
45,43
45,43
45,43
45,43
45,43
45,43
45,43
45,43
45,43
45,43
45,43
45,43
45,43
45,43
45,43
45,43
45,43
45,43
45,43
45,43
45,43
45,43
45,43
45,43
45,43
45,43
45,43
45,43
45,43
45,43
45,43
45,43
45,43
45,43
45,43
45,43
45,43
45,43
45,43
45,43
45,43
45,43
45,43
45,43
45,43
45,43
45,43
45,43
45,43
45,43
45,43
45,43
45,43
45,43
45,43
45,43
45,43
45,43
45,43
45,43
45,43
45,43
45,43
45,43
45,43
45,43
45,43
45,43
45,43
45,43
45,43
45,43
45,43
45,43
45,43
45,43
45,43
45,43
45,43
45,43
45,43
45,43
45,43
45,43
45,43
45,43
45,43
45,43
45,43
45,43
45,43
45,43
45,43
45,43
45,43
45,43
45,43
45,43
45,43
45,43
45,43
45,43
45,43
45,43
45,43
45,43
45,43
45,43
45,43
45,43
45,43
45,43
45,43
45,43
45,43
45,43
45,43
45,43
45,43
45,43
45,43
45,43
45,43
45,43
45,43
45,43
45,43
45,43
45,43
45,43
45,43
45,43
45,43
45,43
45,43
45,43
45,43
45,43
45,43
45,43
45,43
45,43
45,43
45,43
45,43
45,43
45,43
45,43
45,43
45,43
45,43
45,43
45,43
45,43
45,43
45,43
45,43
45,43
45,43
45,43
45,43
45,43
45,43
45,43
45,43
45,43
45,43
45,43
45,43
45,43
45,43
45,43
45,43
45,43
45,43
45,43
45,43
45,43
45,43
45,43
45,43
45,43
45,43
45,43
45,43
45,43
45,43
45,43
45,43
45,43
45,43
45,43
45,43
45,43
45,43
45,43
45,43
45,43
45,43
45,43
45,43
45,43
45,43
45,43
45,43
45,43
45,43
45,43
45,43
45,43
45,43
45,43
45,43
45,43
45,43
45,43
45,43
45,43
45,43
45,43
45,43
45,43
45,43
45,43
45,43
45,43
45,43
45,43
45,43
45,43
45,43
45,43
45,43
45,43
45,43
45,43
45,43
45,43
45,43
46,44
46,44
46,44
46,44
46,44
46,44
46,44
46,44
46,44
46,44
46,44
46,44
46,44
46,44
46,44
46,44
46,44
46,44
46,44
46,44
46,44
46,44
46,44
46,44
46,44
46,44
46,44
46,44
46,44
46,44
46,44
46,44
46,44
46,44
46,44
46,44
46,44
46,44
46,44
46,44
46,44
46,44
46,44
46,44
46,44
46,44
46,44
46,44
46,44
46,44
46,44
46,44
46,44
46,44
46,44
46,44
46,44
46,44
46,44
46,44
46,44
46,44
46,44
46,44
46,44
46,44
46,44
46,44
46,44
46,44
46,44
46,44
46,44
46,44
46,44
46,44
46,44
46,44
46,44
46,44
46,44
46,44
46,44
46,44
46,44
46,44
46,44
46,44
46,44
46,44
46,44
46,44
46,44
46,44
46,44
46,44
46,44
46,44
46,44
46,44
46,44
46,44
46,44
46,44
46,44
46,44
46,44
46,44
46,44
46,44
46,44
46,44
46,44
46,44
46,44
46,44
46,44
46,44
46,44
46,44
46,44
46,44
46,44
46,44
46,44
46,44
46,44
46,44
46,44
46,44
46,44
46,44
46,44
46,44
46,44
46,44
46,44
46,44
46,44
46,44
46,44
46,44
46,44
46,44
46,44
46,44
46,44
46,44
46,44
46,44
46,44
46,44
46,44
46,44
46,44
46,44
46,44
46,44
46,44
46,44
46,44
46,44
46,44
46,44
46,44
46,44
46,44
46,44
46,44
46,44
46,44
46,44
46,44
46,44
46,44
46,44
46,44
46,44
46,44
46,44
46,44
46,44
46,44
46,44
46,44
46,44
46,44
46,44
46,44
46,44
46,44
46,44
46,44
46,44
46,44
46,44
46,44
46,44
46,44
46,44
46,44
46,44
46,44
46,44
46,44
46,44
46,44
46,44
46,44
46,44
46,44
46,44
46,44
46,44
46,44
46,44
46,44
46,44
46,44
46,44
46,44
46,44
46,44
46,44
46,44
46,44
46,44
46,44
46,44
46,44
46,44
46,44
46,44
46,44
46,44
46,44
46,44
46,44
46,44
46,44
46,44
46,44
46,44
46,44
46,44
46,44
46,44
46,44
46,44
46,44
46,44
46,44
46,44
46,44
46,44
46,44
46,44
46,44
46,44
46,44
46,44
46,44
46,44
46,44
46,44
46,44
46,44
46,44
46,44
46,44
46,44
46,44
46,44
46,44
46,44
46,44
46,44
46,44
46,44
46,44
46,44
46,44
46,44
46,44
46,44
46,44
46,44
46,44
46,44
46,44
46,44
46,44
46,44
47,45
47,45
47,45
47,45
47,45
47,45
47,45
47,45
47,45
47,45
47,45
47,45
47,45
47,45
47,45
47,45
47,45
47,45
47,45
47,45
47,45
47,45
47,45
47,45
47,45
47,45
47,45
47,45
47,45
47,45
47,45
47,45
47,45
47,45
47,45
47,45
47,45
47,45
47,45
47,45
47,45
47,45
47,45
47,45
47,45
47,45
47,45
47,45
47,45
47,45
47,45
47,45
47,45
47,45
47,45
47,45
47,45
47,45
47,45
47,45
47,45
47,45
47,45
47,45
47,45
47,45
47,45
47,45
47,45
47,45
47,45
47,45
47,45
47,45
47,45
47,45
47,45
47,45
47,45
47,45
47,45
47,45
47,45
47,45
47,45
47,45
47,45
47,45
47,45
47,45
47,45
47,45
47,45
47,45
47,45
47,45
47,45
47,45
47,45
47,45
47,45
47,45
47,45
47,45
47,45
47,45
47,45
47,45
47,45
47,45
47,45
47,45
47,45
47,45
47,45
47,45
47,45
47,45
47,45
47,45
47,45
47,45
47,45
47,45
47,45
47,45
47,45
47,45
47,45
47,45
47,45
47,45
47,45
47,45
47,45
47,45
47,45
47,45
47,45
47,45
47,45
47,45
47,45
47,45
47,45
47,45
47,45
47,45
47,45
47,45
47,45
47,45
47,45
47,45
47,45
47,45
47,45
47,45
47,45
47,45
47,45
47,45
47,45
47,45
47,45
47,45
47,45
47,45
47,45
47,45
47,45
47,45
47,45
47,45
47,45
47,45
47,45
47,45
47,45
47,45
47,45
47,45
47,45
47,45
47,45
47,45
47,45
47,45
47,45
47,45
47,45
47,45
47,45
47,45
47,45
47,45
47,45
47,45
47,45
47,45
47,45
47,45
47,45
47,45
47,45
47,45
47,45
47,45
47,45
47,45
47,45
47,45
47,45
47,45
47,45
47,45
47,45
47,45
47,45
47,45
47,45
47,45
47,45
47,45
47,45
47,45
47,45
47,45
47,45
47,45
47,45
47,45
47,45
47,45
47,45
47,45
47,45
47,45
47,45
47,45
47,45
47,45
47,45
47,45
47,45
47,45
47,45
47,45
47,45
47,45
47,45
47,45
47,45
47,45
47,45
47,45
47,45
47,45
47,45
47,45
47,45
47,45
47,45
47,45
47,45
47,45
47,45
47,45
47,45
47,45
47,45
47,45
47,45
47,45
47,45
47,45
47,45
47,45
47,45
47,45
47,45
47,45
47,45
47,45
47,45
47,45
47,45
47,45
47,45
47,45
47,45
47,45
47,45
47,45
47,45
47,45
47,45
47,45
47,45
47,45
47,45
47,45
47,45
47,45
47,45
47,45
47,45
47,45
47,45
47,45
47,45
47,45
47,45
47,45
47,45
47,45
47,45
47,45
47,45
47,45
47,45
47,45
47,45
47,45
47,45
47,45
47,45
47,45
47,45
47,45
47,45
47,45
47,45
47,45
47,45
47,45
47,45
47,45
47,45
47,45
47,45
47,45
47,45
47,45
47,45
47,45
47,45
47,45
47,45
47,45
47,45
47,45
47,45
47,45
47,45
47,45
47,45
47,45
48,46
48,46
48,46
48,46
48,46
48,46
48,46
48,46
48,46
48,46
48,46
48,46
48,46
48,46
48,46
48,46
48,46
48,46
48,46
48,46
48,46
48,46
48,46
48,46
48,46
48,46
48,46
48,46
48,46
48,46
48,46
48,46
48,46
48,46
48,46
48,46
48,46
48,46
48,46
48,46
48,46
48,46
48,46
48,46
48,46
48,46
48,46
48,46
48,46
48,46
48,46
48,46
48,46
48,46
48,46
48,46
48,46
48,46
48,46
48,46
48,46
48,46
48,46
48,46
48,46
48,46
48,46
48,46
48,46
48,46
48,46
48,46
48,46
48,46
48,46
48,46
48,46
48,46
48,46
48,46
48,46
48,46
48,46
48,46
48,46
48,46
48,46
48,46
48,46
48,46
48,46
48,46
48,46
48,46
48,46
48,46
48,46
48,46
48,46
48,46
48,46
48,46
48,46
48,46
48,46
48,46
48,46
48,46
48,46
48,46
48,46
48,46
48,46
48,46
48,46
48,46
48,46
48,46
48,46
48,46
48,46
48,46
48,46
48,46
48,46
48,46
48,46
48,46
48,46
48,46
48,46
48,46
48,46
48,46
48,46
48,46
48,46
48,46
48,46
48,46
48,46
48,46
48,46
48,46
48,46
48,46
48,46
48,46
48,46
48,46
48,46
48,46
48,46
48,46
48,46
48,46
48,46
48,46
48,46
48,46
48,46
48,46
48,46
48,46
48,46
48,46
48,46
48,46
48,46
48,46
48,46
48,46
48,46
48,46
48,46
48,46
48,46
48,46
48,46
48,46
48,46
48,46
48,46
48,46
48,46
48,46
48,46
48,46
48,46
48,46
48,46
48,46
48,46
48,46
48,46
48,46
48,46
48,46
48,46
48,46
48,46
48,46
48,46
48,46
48,46
48,46
48,46
48,46
48,46
48,46
48,46
48,46
48,46
48,46
48,46
48,46
48,46
48,46
48,46
48,46
48,46
48,46
48,46
48,46
48,46
48,46
48,46
48,46
48,46
48,46
48,46
48,46
48,46
48,46
48,46
48,46
48,46
48,46
48,46
48,46
48,46
48,46
48,46
48,46
48,46
48,46
48,46
48,46
48,46
48,46
48,46
48,46
48,46
48,46
48,46
48,46
48,46
48,46
48,46
48,46
48,46
48,46
48,46
48,46
48,46
48,46
48,46
48,46
48,46
48,46
48,46
48,46
48,46
48,46
48,46
48,46
48,46
48,46
48,46
48,46
48,46
48,46
48,46
48,46
48,46
48,46
48,46
48,46
48,46
48,46
48,46
48,46
48,46
48,46
48,46
48,46
48,46
48,46
48,46
48,46
48,46
48,46
48,46
48,46
48,46
48,46
48,46
48,46
48,46
48,46
48,46
48,46
48,46
48,46
48,46
48,46
48,46
48,46
48,46
48,46
48,46
48,46
48,46
48,46
48,46
48,46
48,46
48,46
48,46
48,46
48,46
48,46
48,46
48,46
48,46
48,46
48,46
48,46
48,46
48,46
48,46
48,46
48,46
48,46
48,46
48,46
48,46
48,46
48,46
48,46
48,46
48,46
48,46
48,46
48,46
48,46
48,46
48,46
48,46
48,46
48,46
48,46
48,46
48,46
48,46
48,46
48,46
48,46
48,46
48,46
48,46
48,46
48,46
48,46
48,46
48,46
48,46
48,46
48,46
48,46
48,46
48,46
48,46
48,46
48,46
48,46
48,46
48,46
48,46
48,46
48,46
48,46
48,46
48,46
48,46
48,46
48,46
48,46
48,46
49,47
49,47
49,47
49,47
49,47
49,47
49,47
49,47
49,47
49,47
49,47
49,47
49,47
49,47
49,47
49,47
49,47
49,47
49,47
49,47
49,47
49,47
49,47
49,47
49,47
49,47
49,47
49,47
49,47
49,47
49,47
49,47
49,47
49,47
49,47
49,47
49,47
49,47
49,47
49,47
49,47
49,47
49,47
49,47
49,47
49,47
49,47
49,47
49,47
49,47
49,47
49,47
49,47
49,47
49,47
49,47
49,47
49,47
49,47
49,47
49,47
49,47
49,47
49,47
49,47
49,47
49,47
49,47
49,47
49,47
49,47
49,47
49,47
49,47
49,47
49,47
49,47
49,47
49,47
49,47
49,47
49,47
49,47
49,47
49,47
49,47
49,47
49,47
49,47
49,47
49,47
49,47
49,47
49,47
49,47
49,47
49,47
49,47
49,47
49,47
49,47
49,47
49,47
49,47
49,47
49,47
49,47
49,47
49,47
49,47
49,47
49,47
49,47
49,47
49,47
49,47
49,47
49,47
49,47
49,47
49,47
49,47
49,47
49,47
49,47
49,47
49,47
49,47
49,47
49,47
49,47
49,47
49,47
49,47
49,47
49,47
49,47
49,47
49,47
49,47
49,47
49,47
49,47
49,47
49,47
49,47
49,47
49,47
49,47
49,47
49,47
49,47
49,47
49,47
49,47
49,47
49,47
49,47
49,47
49,47
49,47
49,47
49,47
49,47
49,47
49,47
49,47
49,47
49,47
49,47
49,47
49,47
49,47
49,47
49,47
49,47
49,47
49,47
49,47
49,47
49,47
49,47
49,47
49,47
49,47
49,47
49,47
49,47
49,47
49,47
49,47
49,47
49,47
49,47
49,47
49,47
49,47
49,47
49,47
49,47
49,47
49,47
49,47
49,47
49,47
49,47
49,47
49,47
49,47
49,47
49,47
49,47
49,47
49,47
49,47
49,47
49,47
49,47
49,47
49,47
49,47
49,47
49,47
49,47
49,47
49,47
49,47
49,47
49,47
49,47
49,47
49,47
49,47
49,47
49,47
49,47
49,47
49,47
49,47
49,47
49,47
49,47
49,47
49,47
49,47
49,47
49,47
49,47
49,47
49,47
49,47
49,47
49,47
49,47
49,47
49,47
49,47
49,47
49,47
49,47
49,47
49,47
49,47
49,47
49,47
49,47
49,47
49,47
49,47
49,47
49,47
49,47
49,47
49,47
49,47
49,47
49,47
49,47
49,47
49,47
49,47
49,47
49,47
49,47
49,47
49,47
49,47
49,47
49,47
49,47
49,47
49,47
49,47
49,47
49,47
49,47
49,47
49,47
49,47
49,47
49,47
49,47
49,47
49,47
49,47
49,47
49,47
49,47
49,47
49,47
49,47
49,47
49,47
49,47
49,47
49,47
49,47
49,47
49,47
49,47
49,47
49,47
49,47
49,47
49,47
49,47
49,47
49,47
49,47
49,47
49,47
49,47
49,47
49,47
49,47
49,47
49,47
49,47
49,47
49,47
49,47
49,47
49,47
49,47
49,47
49,47
49,47
49,47
49,47
49,47
49,47
49,47
49,47
49,47
49,47
49,47
49,47
49,47
49,47
49,47
49,47
49,47
49,47
49,47
49,47
49,47
49,47
49,47
49,47
49,47
49,47
49,47
49,47
49,47
49,47
49,47
49,47
49,47
49,47
49,47
49,47
49,47
49,47
49,47
49,47
49,47
49,47
49,47
49,47
49,47
49,47
49,47
49,47
49,47
49,47
49,47
49,47
49,47
49,47
49,47
49,47
49,47
49,47
49,47
49,47
49,47
49,47
49,47
49,47
49,47
49,47
49,47
49,47
49,47
49,47
49,47
49,47
49,47
49,47
49,47
49,47
49,47
49,47
49,47
49,47
49,47
49,47
49,47
49,47
49,47
49,47
49,47
49,47
49,47
49,47
49,47
49,47
49,47
49,47
49,47
49,47
49,47
49,47
49,47
49,47
49,47
49,47
49,47
50,48
50,48
50,48
50,48
50,48
50,48
50,48
50,48
50,48
50,48
50,48
50,48
50,48
50,48
50,48
50,48
50,48
50,48
50,48
50,48
50,48
50,48
50,48
50,48
50,48
50,48
50,48
50,48
50,48
50,48
50,48
50,48
50,48
50,48
50,48
50,48
50,48
50,48
50,48
50,48
50,48
50,48
50,48
50,48
50,48
50,48
50,48
50,48
50,48
50,48
50,48
50,48
50,48
50,48
50,48
50,48
50,48
50,48
50,48
50,48
50,48
50,48
50,48
50,48
50,48
50,48
50,48
50,48
50,48
50,48
50,48
50,48
50,48
50,48
50,48
50,48
50,48
50,48
50,48
50,48
50,48
50,48
50,48
50,48
50,48
50,48
50,48
50,48
50,48
50,48
50,48
50,48
50,48
50,48
50,48
50,48
50,48
50,48
50,48
50,48
50,48
50,48
50,48
50,48
50,48
50,48
50,48
50,48
50,48
50,48
50,48
50,48
50,48
50,48
50,48
50,48
50,48
50,48
50,48
50,48
50,48
50,48
50,48
50,48
50,48
50,48
50,48
50,48
50,48
50,48
50,48
50,48
50,48
50,48
50,48
50,48
50,48
50,48
50,48
50,48
50,48
50,48
50,48
50,48
50,48
50,48
50,48
50,48
50,48
50,48
50,48
50,48
50,48
50,48
50,48
50,48
50,48
50,48
50,48
50,48
50,48
50,48
50,48
50,48
50,48
50,48
50,48
50,48
50,48
50,48
50,48
50,48
50,48
50,48
50,48
50,48
50,48
50,48
50,48
50,48
50,48
50,48
50,48
50,48
50,48
50,48
50,48
50,48
50,48
50,48
50,48
50,48
50,48
50,48
50,48
50,48
50,48
50,48
50,48
50,48
50,48
50,48
50,48
50,48
50,48
50,48
50,48
50,48
50,48
50,48
50,48
50,48
50,48
50,48
50,48
50,48
50,48
50,48
50,48
50,48
50,48
50,48
50,48
50,48
50,48
50,48
50,48
50,48
50,48
50,48
50,48
50,48
50,48
50,48
50,48
50,48
50,48
50,48
50,48
50,48
50,48
50,48
50,48
50,48
50,48
50,48
50,48
50,48
50,48
50,48
50,48
50,48
50,48
50,48
50,48
50,48
50,48
50,48
50,48
50,48
50,48
50,48
50,48
50,48
50,48
50,48
50,48
50,48
50,48
50,48
50,48
50,48
50,48
50,48
50,48
50,48
50,48
50,48
50,48
50,48
50,48
50,48
50,48
50,48
50,48
50,48
50,48
50,48
50,48
50,48
50,48
50,48
50,48
50,48
50,48
50,48
50,48
50,48
50,48
50,48
50,48
50,48
50,48
50,48
50,48
50,48
50,48
50,48
50,48
50,48
50,48
50,48
50,48
50,48
50,48
50,48
50,48
50,48
50,48
50,48
50,48
50,48
50,48
50,48
50,48
50,48
50,48
50,48
50,48
50,48
50,48
50,48
50,48
50,48
50,48
50,48
50,48
50,48
50,48
50,48
50,48
50,48
50,48
50,48
50,48
50,48
50,48
50,48
50,48
50,48
50,48
50,48
50,48
50,48
50,48
50,48
50,48
50,48
50,48
50,48
50,48
50,48
50,48
50,48
50,48
50,48
50,48
50,48
50,48
50,48
50,48
50,48
50,48
50,48
50,48
50,48
50,48
50,48
50,48
50,48
50,48
50,48
50,48
50,48
50,48
50,48
50,48
50,48
50,48
50,48
50,48
50,48
50,48
50,48
50,48
50,48
50,48
50,48
50,48
50,48
50,48
50,48
50,48
50,48
50,48
50,48
50,48
50,48
50,48
50,48
50,48
50,48
50,48
50,48
50,48
50,48
50,48
50,48
50,48
50,48
50,48
50,48
50,48
50,48
50,48
50,48
50,48
50,48
50,48
50,48
50,48
50,48
50,48
50,48
50,48
50,48
50,48
50,48
50,48
50,48
50,48
50,48
50,48
50,48
50,48
50,48
50,48
50,48
50,48
50,48
50,48
50,48
50,48
50,48
50,48
50,48
50,48
50,48
50,48
50,48
51,49
51,49
51,49
51,49
51,49
51,49
51,49
51,49
51,49
51,49
51,49
51,49
51,49
51,49
51,49
51,49
51,49
51,49
51,49
51,49
51,49
51,49
51,49
51,49
51,49
51,49
51,49
51,49
51,49
51,49
51,49
51,49
51,49
51,49
51,49
51,49
51,49
51,49
51,49
51,49
51,49
51,49
51,49
51,49
51,49
51,49
51,49
51,49
51,49
51,49
51,49
51,49
51,49
51,49
51,49
51,49
51,49
51,49
51,49
51,49
51,49
51,49
51,49
51,49
51,49
51,49
51,49
51,49
51,49
51,49
51,49
51,49
51,49
51,49
51,49
51,49
51,49
51,49
51,49
51,49
51,49
51,49
51,49
51,49
51,49
51,49
51,49
51,49
51,49
51,49
51,49
51,49
51,49
51,49
51,49
51,49
51,49
51,49
51,49
51,49
51,49
51,49
51,49
51,49
51,49
51,49
51,49
51,49
51,49
51,49
51,49
51,49
51,49
51,49
51,49
51,49
51,49
51,49
51,49
51,49
51,49
51,49
51,49
51,49
51,49
51,49
51,49
51,49
51,49
51,49
51,49
51,49
51,49
51,49
51,49
51,49
51,49
51,49
51,49
51,49
51,49
51,49
51,49
51,49
51,49
51,49
51,49
51,49
51,49
51,49
51,49
51,49
51,49
51,49
51,49
51,49
51,49
51,49
51,49
51,49
51,49
51,49
51,49
51,49
51,49
51,49
51,49
51,49
51,49
51,49
51,49
51,49
51,49
51,49
51,49
51,49
51,49
51,49
51,49
51,49
51,49
51,49
51,49
51,49
51,49
51,49
51,49
51,49
51,49
51,49
51,49
51,49
51,49
51,49
51,49
51,49
51,49
51,49
51,49
51,49
51,49
51,49
51,49
51,49
51,49
51,49
51,49
51,49
51,49
51,49
51,49
51,49
51,49
51,49
51,49
51,49
51,49
51,49
51,49
51,49
51,49
51,49
51,49
51,49
51,49
51,49
51,49
51,49
51,49
51,49
51,49
51,49
51,49
51,49
51,49
51,49
51,49
51,49
51,49
51,49
51,49
51,49
51,49
51,49
51,49
51,49
51,49
51,49
51,49
51,49
51,49
51,49
51,49
51,49
51,49
51,49
51,49
51,49
51,49
51,49
51,49
51,49
51,49
51,49
51,49
51,49
51,49
51,49
51,49
51,49
51,49
51,49
51,49
51,49
51,49
51,49
51,49
51,49
51,49
51,49
51,49
51,49
51,49
51,49
51,49
51,49
51,49
51,49
51,49
51,49
51,49
51,49
51,49
51,49
51,49
51,49
51,49
51,49
51,49
51,49
51,49
51,49
51,49
51,49
51,49
51,49
51,49
51,49
51,49
51,49
51,49
51,49
51,49
51,49
51,49
51,49
51,49
51,49
51,49
51,49
51,49
51,49
51,49
51,49
51,49
51,49
51,49
51,49
51,49
51,49
51,49
51,49
51,49
51,49
51,49
51,49
51,49
51,49
51,49
51,49
51,49
51,49
51,49
51,49
51,49
51,49
51,49
51,49
51,49
51,49
51,49
51,49
51,49
51,49
51,49
51,49
51,49
51,49
51,49
51,49
51,49
51,49
51,49
51,49
51,49
51,49
51,49
51,49
51,49
51,49
51,49
51,49
51,49
51,49
51,49
51,49
51,49
51,49
51,49
51,49
51,49
51,49
51,49
51,49
51,49
51,49
51,49
51,49
51,49
51,49
51,49
51,49
51,49
51,49
51,49
51,49
51,49
51,49
51,49
51,49
51,49
51,49
51,49
51,49
51,49
51,49
51,49
51,49
51,49
51,49
51,49
51,49
51,49
51,49
51,49
51,49
51,49
51,49
51,49
51,49
51,49
51,49
51,49
51,49
51,49
51,49
51,49
51,49
51,49
51,49
51,49
51,49
51,49
51,49
51,49
51,49
51,49
51,49
51,49
51,49
51,49
51,49
51,49
51,49
51,49
51,49
51,49
51,49
51,49
51,49
51,49
51,49
51,49
51,49
51,49
51,49
51,49
51,49
51,49
51,49
51,49
51,49
51,49
51,49
51,49
51,49
51,49
51,49
51,49
51,49
51,49
51,49
51,49
51,49
51,49
51,49
51,49
51,49
51,49
51,49
51,49
51,49
51,49
51,49
51,49
51,49
51,49
51,49
51,49
51,49
51,49
51,49
51,49
51,49
51,49
51,49
51,49
51,49
51,49
51,49
51,49
51,49
51,49
51,49
51,49
51,49
51,49
51,49
51,49
51,49
51,49
51,49
51,49
51,49
52,50
52,50
52,50
52,50
52,50
52,50
52,50
52,50
52,50
52,50
52,50
52,50
52,50
52,50
52,50
52,50
52,50
52,50
52,50
52,50
52,50
52,50
52,50
52,50
52,50
52,50
52,50
52,50
52,50
52,50
52,50
52,50
52,50
52,50
52,50
52,50
52,50
52,50
52,50
52,50
52,50
52,50
52,50
52,50
52,50
52,50
52,50
52,50
52,50
52,50
52,50
52,50
52,50
52,50
52,50
52,50
52,50
52,50
52,50
52,50
52,50
52,50
52,50
52,50
52,50
52,50
52,50
52,50
52,50
52,50
52,50
52,50
52,50
52,50
52,50
52,50
52,50
52,50
52,50
52,50
52,50
52,50
52,50
52,50
52,50
52,50
52,50
52,50
52,50
52,50
52,50
52,50
52,50
52,50
52,50
52,50
52,50
52,50
52,50
52,50
52,50
52,50
52,50
52,50
52,50
52,50
52,50
52,50
52,50
52,50
52,50
52,50
52,50
52,50
52,50
52,50
52,50
52,50
52,50
52,50
52,50
52,50
52,50
52,50
52,50
52,50
52,50
52,50
52,50
52,50
52,50
52,50
52,50
52,50
52,50
52,50
52,50
52,50
52,50
52,50
52,50
52,50
52,50
52,50
52,50
52,50
52,50
52,50
52,50
52,50
52,50
52,50
52,50
52,50
52,50
52,50
52,50
52,50
52,50
52,50
52,50
52,50
52,50
52,50
52,50
52,50
52,50
52,50
52,50
52,50
52,50
52,50
52,50
52,50
52,50
52,50
52,50
52,50
52,50
52,50
52,50
52,50
52,50
52,50
52,50
52,50
52,50
52,50
52,50
52,50
52,50
52,50
52,50
52,50
52,50
52,50
52,50
52,50
52,50
52,50
52,50
52,50
52,50
52,50
52,50
52,50
52,50
52,50
52,50
52,50
52,50
52,50
52,50
52,50
52,50
52,50
52,50
52,50
52,50
52,50
52,50
52,50
52,50
52,50
52,50
52,50
52,50
52,50
52,50
52,50
52,50
52,50
52,50
52,50
52,50
52,50
52,50
52,50
52,50
52,50
52,50
52,50
52,50
52,50
52,50
52,50
52,50
52,50
52,50
52,50
52,50
52,50
52,50
52,50
52,50
52,50
52,50
52,50
52,50
52,50
52,50
52,50
52,50
52,50
52,50
52,50
52,50
52,50
52,50
52,50
52,50
52,50
52,50
52,50
52,50
52,50
52,50
52,50
52,50
52,50
52,50
52,50
52,50
52,50
52,50
52,50
52,50
52,50
52,50
52,50
52,50
52,50
52,50
52,50
52,50
52,50
52,50
52,50
52,50
52,50
52,50
52,50
52,50
52,50
52,50
52,50
52,50
52,50
52,50
52,50
52,50
52,50
52,50
52,50
52,50
52,50
52,50
52,50
52,50
52,50
52,50
52,50
52,50
52,50
52,50
52,50
52,50
52,50
52,50
52,50
52,50
52,50
52,50
52,50
52,50
52,50
52,50
52,50
52,50
52,50
52,50
52,50
52,50
52,50
52,50
52,50
52,50
52,50
52,50
52,50
52,50
52,50
52,50
52,50
52,50
52,50
52,50
52,50
52,50
52,50
52,50
52,50
52,50
52,50
52,50
52,50
52,50
52,50
52,50
52,50
52,50
52,50
52,50
52,50
52,50
52,50
52,50
52,50
52,50
52,50
52,50
52,50
52,50
52,50
52,50
52,50
52,50
52,50
52,50
52,50
52,50
52,50
52,50
52,50
52,50
52,50
52,50
52,50
52,50
52,50
52,50
52,50
52,50
52,50
52,50
52,50
52,50
52,50
52,50
52,50
52,50
52,50
52,50
52,50
52,50
52,50
52,50
52,50
52,50
52,50
52,50
52,50
52,50
52,50
52,50
52,50
52,50
52,50
52,50
52,50
52,50
52,50
52,50
52,50
52,50
52,50
52,50
52,50
52,50
52,50
52,50
52,50
52,50
52,50
52,50
52,50
52,50
52,50
52,50
52,50
52,50
52,50
52,50
52,50
52,50
52,50
52,50
52,50
52,50
52,50
52,50
52,50
52,50
52,50
52,50
52,50
52,50
52,50
52,50
52,50
52,50
52,50
52,50
52,50
52,50
52,50
52,50
52,50
52,50
52,50
52,50
52,50
52,50
52,50
52,50
52,50
52,50
52,50
52,50
52,50
52,50
52,50
52,50
52,50
52,50
52,50
52,50
52,50
52,50
52,50
52,50
52,50
52,50
52,50
52,50
52,50
52,50
52,50
52,50
52,50
52,50
52,50
52,50
52,50
52,50
52,50
52,50
52,50
52,50
52,50
52,50
52,50
52,50
52,50
52,50
52,50
52,50
52,50
52,50
52,50
52,50
52,50
53,51
53,51
53,51
53,51
53,51
53,51
53,51
53,51
53,51
53,51
53,51
53,51
53,51
53,51
53,51
53,51
53,51
53,51
53,51
53,51
53,51
53,51
53,51
53,51
53,51
53,51
53,51
53,51
53,51
53,51
53,51
53,51
53,51
53,51
53,51
53,51
53,51
53,51
53,51
53,51
53,51
53,51
53,51
53,51
53,51
53,51
53,51
53,51
53,51
53,51
53,51
53,51
53,51
53,51
53,51
53,51
53,51
53,51
53,51
53,51
53,51
53,51
53,51
53,51
53,51
53,51
53,51
53,51
53,51
53,51
53,51
53,51
53,51
53,51
53,51
53,51
53,51
53,51
53,51
53,51
53,51
53,51
53,51
53,51
53,51
53,51
53,51
53,51
53,51
53,51
53,51
53,51
53,51
53,51
53,51
53,51
53,51
53,51
53,51
53,51
53,51
53,51
53,51
53,51
53,51
53,51
53,51
53,51
53,51
53,51
53,51
53,51
53,51
53,51
53,51
53,51
53,51
53,51
53,51
53,51
53,51
53,51
53,51
53,51
53,51
53,51
53,51
53,51
53,51
53,51
53,51
53,51
53,51
53,51
53,51
53,51
53,51
53,51
53,51
53,51
53,51
53,51
53,51
53,51
53,51
53,51
53,51
53,51
53,51
53,51
53,51
53,51
53,51
53,51
53,51
53,51
53,51
53,51
53,51
53,51
53,51
53,51
53,51
53,51
53,51
53,51
53,51
53,51
53,51
53,51
53,51
53,51
53,51
53,51
53,51
53,51
53,51
53,51
53,51
53,51
53,51
53,51
53,51
53,51
53,51
53,51
53,51
53,51
53,51
53,51
53,51
53,51
53,51
53,51
53,51
53,51
53,51
53,51
53,51
53,51
53,51
53,51
53,51
53,51
53,51
53,51
53,51
53,51
53,51
53,51
53,51
53,51
53,51
53,51
53,51
53,51
53,51
53,51
53,51
53,51
53,51
53,51
53,51
53,51
53,51
53,51
53,51
53,51
53,51
53,51
53,51
53,51
53,51
53,51
53,51
53,51
53,51
53,51
53,51
53,51
53,51
53,51
53,51
53,51
53,51
53,51
53,51
53,51
53,51
53,51
53,51
53,51
53,51
53,51
53,51
53,51
53,51
53,51
53,51
53,51
53,51
53,51
53,51
53,51
53,51
53,51
53,51
53,51
53,51
53,51
53,51
53,51
53,51
53,51
53,51
53,51
53,51
53,51
53,51
53,51
53,51
53,51
53,51
53,51
53,51
53,51
53,51
53,51
53,51
53,51
53,51
53,51
53,51
53,51
53,51
53,51
53,51
53,51
53,51
53,51
53,51
53,51
53,51
53,51
53,51
53,51
53,51
53,51
53,51
53,51
53,51
53,51
53,51
53,51
53,51
53,51
53,51
53,51
53,51
53,51
53,51
53,51
53,51
53,51
53,51
53,51
53,51
53,51
53,51
53,51
53,51
53,51
53,51
53,51
53,51
53,51
53,51
53,51
53,51
53,51
53,51
53,51
53,51
53,51
53,51
53,51
53,51
53,51
53,51
53,51
53,51
53,51
53,51
53,51
53,51
53,51
53,51
53,51
53,51
53,51
53,51
53,51
53,51
53,51
53,51
53,51
53,51
53,51
53,51
53,51
53,51
53,51
53,51
53,51
53,51
53,51
53,51
53,51
53,51
53,51
53,51
53,51
53,51
53,51
53,51
53,51
53,51
53,51
53,51
53,51
53,51
53,51
53,51
53,51
53,51
53,51
53,51
53,51
53,51
53,51
53,51
53,51
53,51
53,51
53,51
53,51
53,51
53,51
53,51
53,51
53,51
53,51
53,51
53,51
53,51
53,51
53,51
53,51
53,51
53,51
53,51
53,51
53,51
53,51
53,51
53,51
53,51
53,51
53,51
53,51
53,51
53,51
53,51
53,51
53,51
53,51
53,51
53,51
53,51
53,51
53,51
53,51
53,51
53,51
53,51
53,51
53,51
53,51
53,51
53,51
53,51
53,51
53,51
53,51
53,51
53,51
53,51
53,51
53,51
53,51
53,51
53,51
53,51
53,51
53,51
53,51
53,51
53,51
53,51
53,51
53,51
53,51
53,51
53,51
53,51
53,51
53,51
53,51
53,51
53,51
53,51
53,51
53,51
53,51
53,51
53,51
53,51
53,51
53,51
53,51
53,51
53,51
53,51
53,51
53,51
53,51
53,51
53,51
53,51
53,51
53,51
53,51
53,51
53,51
53,51
53,51
53,51
53,51
53,51
53,51
53,51
53,51
53,51
53,51
53,51
53,51
53,51
53,51
53,51
53,51
53,51
53,51
53,51
53,51
53,51
53,51
53,51
53,51
53,51
53,51
53,51
53,51
53,51
53,51
53,51
53,51
53,51
53,51
53,51
53,51
53,51
53,51
53,51
53,51
53,51
53,51
53,51
53,51
53,51
53,51
53,51
53,51
53,51
53,51
53,51
53,51
53,51
53,51
53,51
53,51
53,51
53,51
53,51
53,51
53,51
53,51
53,51
53,51
53,51
53,51
53,51
53,51
53,51
53,51
53,51
53,51
53,51
53,51
53,51
53,51
53,51
54,52
54,52
54,52
54,52
54,52
54,52
54,52
54,52
54,52
54,52
54,52
54,52
54,52
54,52
54,52
54,52
54,52
54,52
54,52
54,52
54,52
54,52
54,52
54,52
54,52
54,52
54,52
54,52
54,52
54,52
54,52
54,52
54,52
54,52
54,52
54,52
54,52
54,52
54,52
54,52
54,52
54,52
54,52
54,52
54,52
54,52
54,52
54,52
54,52
54,52
54,52
54,52
54,52
54,52
54,52
54,52
54,52
54,52
54,52
54,52
54,52
54,52
54,52
54,52
54,52
54,52
54,52
54,52
54,52
54,52
54,52
54,52
54,52
54,52
54,52
54,52
54,52
54,52
54,52
54,52
54,52
54,52
54,52
54,52
54,52
54,52
54,52
54,52
54,52
54,52
54,52
54,52
54,52
54,52
54,52
54,52
54,52
54,52
54,52
54,52
54,52
54,52
54,52
54,52
54,52
54,52
54,52
54,52
54,52
54,52
54,52
54,52
54,52
54,52
54,52
54,52
54,52
54,52
54,52
54,52
54,52
54,52
54,52
54,52
54,52
54,52
54,52
54,52
54,52
54,52
54,52
54,52
54,52
54,52
54,52
54,52
54,52
54,52
54,52
54,52
54,52
54,52
54,52
54,52
54,52
54,52
54,52
54,52
54,52
54,52
54,52
54,52
54,52
54,52
54,52
54,52
54,52
54,52
54,52
54,52
54,52
54,52
54,52
54,52
54,52
54,52
54,52
54,52
54,52
54,52
54,52
54,52
54,52
54,52
54,52
54,52
54,52
54,52
54,52
54,52
54,52
54,52
54,52
54,52
54,52
54,52
54,52
54,52
54,52
54,52
54,52
54,52
54,52
54,52
54,52
54,52
54,52
54,52
54,52
54,52
54,52
54,52
54,52
54,52
54,52
54,52
54,52
54,52
54,52
54,52
54,52
54,52
54,52
54,52
54,52
54,52
54,52
54,52
54,52
54,52
54,52
54,52
54,52
54,52
54,52
54,52
54,52
54,52
54,52
54,52
54,52
54,52
54,52
54,52
54,52
54,52
54,52
54,52
54,52
54,52
54,52
54,52
54,52
54,52
54,52
54,52
54,52
54,52
54,52
54,52
54,52
54,52
54,52
54,52
54,52
54,52
54,52
54,52
54,52
54,52
54,52
54,52
54,52
54,52
54,52
54,52
54,52
54,52
54,52
54,52
54,52
54,52
54,52
54,52
54,52
54,52
54,52
54,52
54,52
54,52
54,52
54,52
54,52
54,52
54,52
54,52
54,52
54,52
54,52
54,52
54,52
54,52
54,52
54,52
54,52
54,52
54,52
54,52
54,52
54,52
54,52
54,52
54,52
54,52
54,52
54,52
54,52
54,52
54,52
54,52
54,52
54,52
54,52
54,52
54,52
54,52
54,52
54,52
54,52
54,52
54,52
54,52
54,52
54,52
54,52
54,52
54,52
54,52
54,52
54,52
54,52
54,52
54,52
54,52
54,52
54,52
54,52
54,52
54,52
54,52
54,52
54,52
54,52
54,52
54,52
54,52
54,52
54,52
54,52
54,52
54,52
54,52
54,52
54,52
54,52
54,52
54,52
54,52
54,52
54,52
54,52
54,52
54,52
54,52
54,52
54,52
54,52
54,52
54,52
54,52
54,52
54,52
54,52
54,52
54,52
54,52
54,52
54,52
54,52
54,52
54,52
54,52
54,52
54,52
54,52
54,52
54,52
54,52
54,52
54,52
54,52
54,52
54,52
54,52
54,52
54,52
54,52
54,52
54,52
54,52
54,52
54,52
54,52
54,52
54,52
54,52
54,52
54,52
54,52
54,52
54,52
54,52
54,52
54,52
54,52
54,52
54,52
54,52
54,52
54,52
54,52
54,52
54,52
54,52
54,52
54,52
54,52
54,52
54,52
54,52
54,52
54,52
54,52
54,52
54,52
54,52
54,52
54,52
54,52
54,52
54,52
54,52
54,52
54,52
54,52
54,52
54,52
54,52
54,52
54,52
54,52
54,52
54,52
54,52
54,52
54,52
54,52
54,52
54,52
54,52
54,52
54,52
54,52
54,52
54,52
54,52
54,52
54,52
54,52
54,52
54,52
54,52
54,52
54,52
54,52
54,52
54,52
54,52
54,52
54,52
54,52
54,52
54,52
54,52
54,52
54,52
54,52
54,52
54,52
54,52
54,52
54,52
54,52
54,52
54,52
54,52
54,52
54,52
54,52
54,52
54,52
54,52
54,52
54,52
54,52
54,52
54,52
54,52
54,52
54,52
54,52
54,52
54,52
54,52
54,52
54,52
54,52
54,52
54,52
54,52
54,52
54,52
54,52
54,52
54,52
54,52
54,52
54,52
54,52
54,52
54,52
54,52
54,52
54,52
54,52
54,52
54,52
54,52
54,52
54,52
54,52
54,52
54,52
54,52
54,52
54,52
54,52
54,52
54,52
54,52
54,52
54,52
54,52
54,52
54,52
54,52
54,52
54,52
54,52
54,52
54,52
54,52
54,52
54,52
54,52
54,52
54,52
54,52
54,52
54,52
54,52
54,52
54,52
54,52
54,52
54,52
54,52
54,52
54,52
54,52
54,52
54,52
54,52
54,52
54,52
54,52
54,52
54,52
54,52
54,52
54,52
54,52
54,52
54,52
54,52
54,52
54,52
54,52
54,52
54,52
54,52
54,52
54,52
54,52
54,52
54,52
54,52
54,52
54,52
54,52
54,52
54,52
54,52
54,52
54,52
54,52
54,52
54,52
54,52
54,52
54,52
54,52
54,52
54,52
54,52
54,52
54,52
54,52
54,52
54,52
54,52
54,52
54,52
54,52
54,52
54,52
54,52
54,52
54,52
54,52
55,53
55,53
55,53
55,53
55,53
55,53
55,53
55,53
55,53
55,53
55,53
55,53
55,53
55,53
55,53
55,53
55,53
55,53
55,53
55,53
55,53
55,53
55,53
55,53
55,53
55,53
55,53
55,53
55,53
55,53
55,53
55,53
55,53
55,53
55,53
55,53
55,53
55,53
55,53
55,53
55,53
55,53
55,53
55,53
55,53
55,53
55,53
55,53
55,53
55,53
55,53
55,53
55,53
55,53
55,53
55,53
55,53
55,53
55,53
55,53
55,53
55,53
55,53
55,53
55,53
55,53
55,53
55,53
55,53
55,53
55,53
55,53
55,53
55,53
55,53
55,53
55,53
55,53
55,53
55,53
55,53
55,53
55,53
55,53
55,53
55,53
55,53
55,53
55,53
55,53
55,53
55,53
55,53
55,53
55,53
55,53
55,53
55,53
55,53
55,53
55,53
55,53
55,53
55,53
55,53
55,53
55,53
55,53
55,53
55,53
55,53
55,53
55,53
55,53
55,53
55,53
55,53
55,53
55,53
55,53
55,53
55,53
55,53
55,53
55,53
55,53
55,53
55,53
55,53
55,53
55,53
55,53
55,53
55,53
55,53
55,53
55,53
55,53
55,53
55,53
55,53
55,53
55,53
55,53
55,53
55,53
55,53
55,53
55,53
55,53
55,53
55,53
55,53
55,53
55,53
55,53
55,53
55,53
55,53
55,53
55,53
55,53
55,53
55,53
55,53
55,53
55,53
55,53
55,53
55,53
55,53
55,53
55,53
55,53
55,53
55,53
55,53
55,53
55,53
55,53
55,53
55,53
55,53
55,53
55,53
55,53
55,53
55,53
55,53
55,53
55,53
55,53
55,53
55,53
55,53
55,53
55,53
55,53
55,53
55,53
55,53
55,53
55,53
55,53
55,53
55,53
55,53
55,53
55,53
55,53
55,53
55,53
55,53
55,53
55,53
55,53
55,53
55,53
55,53
55,53
55,53
55,53
55,53
55,53
55,53
55,53
55,53
55,53
55,53
55,53
55,53
55,53
55,53
55,53
55,53
55,53
55,53
55,53
55,53
55,53
55,53
55,53
55,53
55,53
55,53
55,53
55,53
55,53
55,53
55,53
55,53
55,53
55,53
55,53
55,53
55,53
55,53
55,53
55,53
55,53
55,53
55,53
55,53
55,53
55,53
55,53
55,53
55,53
55,53
55,53
55,53
55,53
55,53
55,53
55,53
55,53
55,53
55,53
55,53
55,53
55,53
55,53
55,53
55,53
55,53
55,53
55,53
55,53
55,53
55,53
55,53
55,53
55,53
55,53
55,53
55,53
55,53
55,53
55,53
55,53
55,53
55,53
55,53
55,53
55,53
55,53
55,53
55,53
55,53
55,53
55,53
55,53
55,53
55,53
55,53
55,53
55,53
55,53
55,53
55,53
55,53
55,53
55,53
55,53
55,53
55,53
55,53
55,53
55,53
55,53
55,53
55,53
55,53
55,53
55,53
55,53
55,53
55,53
55,53
55,53
55,53
55,53
55,53
55,53
55,53
55,53
55,53
55,53
55,53
55,53
55,53
55,53
55,53
55,53
55,53
55,53
55,53
55,53
55,53
55,53
55,53
55,53
55,53
55,53
55,53
55,53
55,53
55,53
55,53
55,53
55,53
55,53
55,53
55,53
55,53
55,53
55,53
55,53
55,53
55,53
55,53
55,53
55,53
55,53
55,53
55,53
55,53
55,53
55,53
55,53
55,53
55,53
55,53
55,53
55,53
55,53
55,53
55,53
55,53
55,53
55,53
55,53
55,53
55,53
55,53
55,53
55,53
55,53
55,53
55,53
55,53
55,53
55,53
55,53
55,53
55,53
55,53
55,53
55,53
55,53
55,53
55,53
55,53
55,53
55,53
55,53
55,53
55,53
55,53
55,53
55,53
55,53
55,53
55,53
55,53
55,53
55,53
55,53
55,53
55,53
55,53
55,53
55,53
55,53
55,53
55,53
55,53
55,53
55,53
55,53
55,53
55,53
55,53
55,53
55,53
55,53
55,53
55,53
55,53
55,53
55,53
55,53
55,53
55,53
55,53
55,53
55,53
55,53
55,53
55,53
55,53
55,53
55,53
55,53
55,53
55,53
55,53
55,53
55,53
55,53
55,53
55,53
55,53
55,53
55,53
55,53
55,53
55,53
55,53
55,53
55,53
55,53
55,53
55,53
55,53
55,53
55,53
55,53
55,53
55,53
55,53
55,53
55,53
55,53
55,53
55,53
55,53
55,53
55,53
55,53
55,53
55,53
55,53
55,53
55,53
55,53
55,53
55,53
55,53
55,53
55,53
55,53
55,53
55,53
55,53
55,53
55,53
55,53
55,53
55,53
55,53
55,53
55,53
55,53
55,53
55,53
55,53
55,53
55,53
55,53
55,53
55,53
55,53
55,53
55,53
55,53
55,53
55,53
55,53
55,53
55,53
55,53
55,53
55,53
55,53
55,53
55,53
55,53
55,53
55,53
55,53
55,53
55,53
55,53
55,53
55,53
55,53
55,53
55,53
55,53
55,53
55,53
55,53
55,53
55,53
55,53
55,53
55,53
55,53
55,53
55,53
55,53
55,53
55,53
55,53
55,53
55,53
55,53
55,53
55,53
55,53
55,53
55,53
55,53
55,53
55,53
55,53
55,53
55,53
55,53
55,53
55,53
55,53
55,53
55,53
55,53
55,53
55,53
55,53
55,53
55,53
55,53
55,53
55,53
55,53
55,53
55,53
55,53
55,53
55,53
55,53
55,53
55,53
55,53
55,53
55,53
55,53
55,53
55,53
55,53
55,53
55,53
55,53
55,53
55,53
55,53
55,53
55,53
55,53
55,53
55,53
55,53
55,53
55,53
55,53
55,53
55,53
55,53
55,53
55,53
55,53
55,53
55,53
55,53
55,53
55,53
55,53
55,53
55,53
55,53
56,54
56,54
56,54
56,54
56,54
56,54
56,54
56,54
56,54
56,54
56,54
56,54
56,54
56,54
56,54
56,54
56,54
56,54
56,54
56,54
56,54
56,54
56,54
56,54
56,54
56,54
56,54
56,54
56,54
56,54
56,54
56,54
56,54
56,54
56,54
56,54
56,54
56,54
56,54
56,54
56,54
56,54
56,54
56,54
56,54
56,54
56,54
56,54
56,54
56,54
56,54
56,54
56,54
56,54
56,54
56,54
56,54
56,54
56,54
56,54
56,54
56,54
56,54
56,54
56,54
56,54
56,54
56,54
56,54
56,54
56,54
56,54
56,54
56,54
56,54
56,54
56,54
56,54
56,54
56,54
56,54
56,54
56,54
56,54
56,54
56,54
56,54
56,54
56,54
56,54
56,54
56,54
56,54
56,54
56,54
56,54
56,54
56,54
56,54
56,54
56,54
56,54
56,54
56,54
56,54
56,54
56,54
56,54
56,54
56,54
56,54
56,54
56,54
56,54
56,54
56,54
56,54
56,54
56,54
56,54
56,54
56,54
56,54
56,54
56,54
56,54
56,54
56,54
56,54
56,54
56,54
56,54
56,54
56,54
56,54
56,54
56,54
56,54
56,54
56,54
56,54
56,54
56,54
56,54
56,54
56,54
56,54
56,54
56,54
56,54
56,54
56,54
56,54
56,54
56,54
56,54
56,54
56,54
56,54
56,54
56,54
56,54
56,54
56,54
56,54
56,54
56,54
56,54
56,54
56,54
56,54
56,54
56,54
56,54
56,54
56,54
56,54
56,54
56,54
56,54
56,54
56,54
56,54
56,54
56,54
56,54
56,54
56,54
56,54
56,54
56,54
56,54
56,54
56,54
56,54
56,54
56,54
56,54
56,54
56,54
56,54
56,54
56,54
56,54
56,54
56,54
56,54
56,54
56,54
56,54
56,54
56,54
56,54
56,54
56,54
56,54
56,54
56,54
56,54
56,54
56,54
56,54
56,54
56,54
56,54
56,54
56,54
56,54
56,54
56,54
56,54
56,54
56,54
56,54
56,54
56,54
56,54
56,54
56,54
56,54
56,54
56,54
56,54
56,54
56,54
56,54
56,54
56,54
56,54
56,54
56,54
56,54
56,54
56,54
56,54
56,54
56,54
56,54
56,54
56,54
56,54
56,54
56,54
56,54
56,54
56,54
56,54
56,54
56,54
56,54
56,54
56,54
56,54
56,54
56,54
56,54
56,54
56,54
56,54
56,54
56,54
56,54
56,54
56,54
56,54
56,54
56,54
56,54
56,54
56,54
56,54
56,54
56,54
56,54
56,54
56,54
56,54
56,54
56,54
56,54
56,54
56,54
56,54
56,54
56,54
56,54
56,54
56,54
56,54
56,54
56,54
56,54
56,54
56,54
56,54
56,54
56,54
56,54
56,54
56,54
56,54
56,54
56,54
56,54
56,54
56,54
56,54
56,54
56,54
56,54
56,54
56,54
56,54
56,54
56,54
56,54
56,54
56,54
56,54
56,54
56,54
56,54
56,54
56,54
56,54
56,54
56,54
56,54
56,54
56,54
56,54
56,54
56,54
56,54
56,54
56,54
56,54
56,54
56,54
56,54
56,54
56,54
56,54
56,54
56,54
56,54
56,54
56,54
56,54
56,54
56,54
56,54
56,54
56,54
56,54
56,54
56,54
56,54
56,54
56,54
56,54
56,54
56,54
56,54
56,54
56,54
56,54
56,54
56,54
56,54
56,54
56,54
56,54
56,54
56,54
56,54
56,54
56,54
56,54
56,54
56,54
56,54
56,54
56,54
56,54
56,54
56,54
56,54
56,54
56,54
56,54
56,54
56,54
56,54
56,54
56,54
56,54
56,54
56,54
56,54
56,54
56,54
56,54
56,54
56,54
56,54
56,54
56,54
56,54
56,54
56,54
56,54
56,54
56,54
56,54
56,54
56,54
56,54
56,54
56,54
56,54
56,54
56,54
56,54
56,54
56,54
56,54
56,54
56,54
56,54
56,54
56,54
56,54
56,54
56,54
56,54
56,54
56,54
56,54
56,54
56,54
56,54
56,54
56,54
56,54
56,54
56,54
56,54
56,54
56,54
56,54
56,54
56,54
56,54
56,54
56,54
56,54
56,54
56,54
56,54
56,54
56,54
56,54
56,54
56,54
56,54
56,54
56,54
56,54
56,54
56,54
56,54
56,54
56,54
56,54
56,54
56,54
56,54
56,54
56,54
56,54
56,54
56,54
56,54
56,54
56,54
56,54
56,54
56,54
56,54
56,54
56,54
56,54
56,54
56,54
56,54
56,54
56,54
56,54
56,54
56,54
56,54
56,54
56,54
56,54
56,54
56,54
56,54
56,54
56,54
56,54
56,54
56,54
56,54
56,54
56,54
56,54
56,54
56,54
56,54
56,54
56,54
56,54
56,54
56,54
56,54
56,54
56,54
56,54
56,54
56,54
56,54
56,54
56,54
56,54
56,54
56,54
56,54
56,54
56,54
56,54
56,54
56,54
56,54
56,54
56,54
56,54
56,54
56,54
56,54
56,54
56,54
56,54
56,54
56,54
56,54
56,54
56,54
56,54
56,54
56,54
56,54
56,54
56,54
56,54
56,54
56,54
56,54
56,54
56,54
56,54
56,54
56,54
56,54
56,54
56,54
56,54
56,54
56,54
56,54
56,54
56,54
56,54
56,54
56,54
56,54
56,54
56,54
56,54
56,54
56,54
56,54
56,54
56,54
56,54
56,54
56,54
56,54
56,54
56,54
56,54
56,54
56,54
56,54
56,54
56,54
56,54
56,54
56,54
56,54
56,54
56,54
56,54
56,54
56,54
56,54
56,54
56,54
56,54
56,54
56,54
56,54
56,54
56,54
56,54
56,54
56,54
56,54
56,54
56,54
56,54
56,54
56,54
56,54
57,55
57,55
57,55
57,55
57,55
57,55
57,55
57,55
57,55
57,55
57,55
57,55
57,55
57,55
57,55
57,55
57,55
57,55
57,55
57,55
57,55
57,55
57,55
57,55
57,55
57,55
57,55
57,55
57,55
57,55
57,55
57,55
57,55
57,55
57,55
57,55
57,55
57,55
57,55
57,55
57,55
57,55
57,55
57,55
57,55
57,55
57,55
57,55
57,55
57,55
57,55
57,55
57,55
57,55
57,55
57,55
57,55
57,55
57,55
57,55
57,55
57,55
57,55
57,55
57,55
57,55
57,55
57,55
57,55
57,55
57,55
57,55
57,55
57,55
57,55
57,55
57,55
57,55
57,55
57,55
57,55
57,55
57,55
57,55
57,55
57,55
57,55
57,55
57,55
57,55
57,55
57,55
57,55
57,55
57,55
57,55
57,55
57,55
57,55
57,55
57,55
57,55
57,55
57,55
57,55
57,55
57,55
57,55
57,55
57,55
57,55
57,55
57,55
57,55
57,55
57,55
57,55
57,55
57,55
57,55
57,55
57,55
57,55
57,55
57,55
57,55
57,55
57,55
57,55
57,55
57,55
57,55
57,55
57,55
57,55
57,55
57,55
57,55
57,55
57,55
57,55
57,55
57,55
57,55
57,55
57,55
57,55
57,55
57,55
57,55
57,55
57,55
57,55
57,55
57,55
57,55
57,55
57,55
57,55
57,55
57,55
57,55
57,55
57,55
57,55
57,55
57,55
57,55
57,55
57,55
57,55
57,55
57,55
57,55
57,55
57,55
57,55
57,55
57,55
57,55
57,55
57,55
57,55
57,55
57,55
57,55
57,55
57,55
57,55
57,55
57,55
57,55
57,55
57,55
57,55
57,55
57,55
57,55
57,55
57,55
57,55
57,55
57,55
57,55
57,55
57,55
57,55
57,55
57,55
57,55
57,55
57,55
57,55
57,55
57,55
57,55
57,55
57,55
57,55
57,55
57,55
57,55
57,55
57,55
57,55
57,55
57,55
57,55
57,55
57,55
57,55
57,55
57,55
57,55
57,55
57,55
57,55
57,55
57,55
57,55
57,55
57,55
57,55
57,55
57,55
57,55
57,55
57,55
57,55
57,55
57,55
57,55
57,55
57,55
57,55
57,55
57,55
57,55
57,55
57,55
57,55
57,55
57,55
57,55
57,55
57,55
57,55
57,55
57,55
57,55
57,55
57,55
57,55
57,55
57,55
57,55
57,55
57,55
57,55
57,55
57,55
57,55
57,55
57,55
57,55
57,55
57,55
57,55
57,55
57,55
57,55
57,55
57,55
57,55
57,55
57,55
57,55
57,55
57,55
57,55
57,55
57,55
57,55
57,55
57,55
57,55
57,55
57,55
57,55
57,55
57,55
57,55
57,55
57,55
57,55
57,55
57,55
57,55
57,55
57,55
57,55
57,55
57,55
57,55
57,55
57,55
57,55
57,55
57,55
57,55
57,55
57,55
57,55
57,55
57,55
57,55
57,55
57,55
57,55
57,55
57,55
57,55
57,55
57,55
57,55
57,55
57,55
57,55
57,55
57,55
57,55
57,55
57,55
57,55
57,55
57,55
57,55
57,55
57,55
57,55
57,55
57,55
57,55
57,55
57,55
57,55
57,55
57,55
57,55
57,55
57,55
57,55
57,55
57,55
57,55
57,55
57,55
57,55
57,55
57,55
57,55
57,55
57,55
57,55
57,55
57,55
57,55
57,55
57,55
57,55
57,55
57,55
57,55
57,55
57,55
57,55
57,55
57,55
57,55
57,55
57,55
57,55
57,55
57,55
57,55
57,55
57,55
57,55
57,55
57,55
57,55
57,55
57,55
57,55
57,55
57,55
57,55
57,55
57,55
57,55
57,55
57,55
57,55
57,55
57,55
57,55
57,55
57,55
57,55
57,55
57,55
57,55
57,55
57,55
57,55
57,55
57,55
57,55
57,55
57,55
57,55
57,55
57,55
57,55
57,55
57,55
57,55
57,55
57,55
57,55
57,55
57,55
57,55
57,55
57,55
57,55
57,55
57,55
57,55
57,55
57,55
57,55
57,55
57,55
57,55
57,55
57,55
57,55
57,55
57,55
57,55
57,55
57,55
57,55
57,55
57,55
57,55
57,55
57,55
57,55
57,55
57,55
57,55
57,55
57,55
57,55
57,55
57,55
57,55
57,55
57,55
57,55
57,55
57,55
57,55
57,55
57,55
57,55
57,55
57,55
57,55
57,55
57,55
57,55
57,55
57,55
57,55
57,55
57,55
57,55
57,55
57,55
57,55
57,55
57,55
57,55
57,55
57,55
57,55
57,55
57,55
57,55
57,55
57,55
57,55
57,55
57,55
57,55
57,55
57,55
57,55
57,55
57,55
57,55
57,55
57,55
57,55
57,55
57,55
57,55
57,55
57,55
57,55
57,55
57,55
57,55
57,55
57,55
57,55
57,55
57,55
57,55
57,55
57,55
57,55
57,55
57,55
57,55
57,55
57,55
57,55
57,55
57,55
57,55
57,55
57,55
57,55
57,55
57,55
57,55
57,55
57,55
57,55
57,55
57,55
57,55
57,55
57,55
57,55
57,55
57,55
57,55
57,55
57,55
57,55
57,55
57,55
57,55
57,55
57,55
57,55
57,55
57,55
57,55
57,55
57,55
57,55
57,55
57,55
57,55
57,55
57,55
57,55
57,55
57,55
57,55
57,55
57,55
57,55
57,55
57,55
57,55
57,55
57,55
57,55
57,55
57,55
57,55
57,55
57,55
57,55
57,55
57,55
57,55
57,55
57,55
57,55
57,55
57,55
57,55
57,55
57,55
57,55
57,55
57,55
57,55
57,55
57,55
57,55
57,55
57,55
57,55
57,55
57,55
57,55
57,55
57,55
57,55
57,55
57,55
57,55
57,55
57,55
57,55
57,55
57,55
57,55
57,55
57,55
57,55
57,55
58,56
58,56
58,56
58,56
58,56
58,56
58,56
58,56
58,56
58,56
58,56
58,56
58,56
58,56
58,56
58,56
58,56
58,56
58,56
58,56
58,56
58,56
58,56
58,56
58,56
58,56
58,56
58,56
58,56
58,56
58,56
58,56
58,56
58,56
58,56
58,56
58,56
58,56
58,56
58,56
58,56
58,56
58,56
58,56
58,56
58,56
58,56
58,56
58,56
58,56
58,56
58,56
58,56
58,56
58,56
58,56
58,56
58,56
58,56
58,56
58,56
58,56
58,56
58,56
58,56
58,56
58,56
58,56
58,56
58,56
58,56
58,56
58,56
58,56
58,56
58,56
58,56
58,56
58,56
58,56
58,56
58,56
58,56
58,56
58,56
58,56
58,56
58,56
58,56
58,56
58,56
58,56
58,56
58,56
58,56
58,56
58,56
58,56
58,56
58,56
58,56
58,56
58,56
58,56
58,56
58,56
58,56
58,56
58,56
58,56
58,56
58,56
58,56
58,56
58,56
58,56
58,56
58,56
58,56
58,56
58,56
58,56
58,56
58,56
58,56
58,56
58,56
58,56
58,56
58,56
58,56
58,56
58,56
58,56
58,56
58,56
58,56
58,56
58,56
58,56
58,56
58,56
58,56
58,56
58,56
58,56
58,56
58,56
58,56
58,56
58,56
58,56
58,56
58,56
58,56
58,56
58,56
58,56
58,56
58,56
58,56
58,56
58,56
58,56
58,56
58,56
58,56
58,56
58,56
58,56
58,56
58,56
58,56
58,56
58,56
58,56
58,56
58,56
58,56
58,56
58,56
58,56
58,56
58,56
58,56
58,56
58,56
58,56
58,56
58,56
58,56
58,56
58,56
58,56
58,56
58,56
58,56
58,56
58,56
58,56
58,56
58,56
58,56
58,56
58,56
58,56
58,56
58,56
58,56
58,56
58,56
58,56
58,56
58,56
58,56
58,56
58,56
58,56
58,56
58,56
58,56
58,56
58,56
58,56
58,56
58,56
58,56
58,56
58,56
58,56
58,56
58,56
58,56
58,56
58,56
58,56
58,56
58,56
58,56
58,56
58,56
58,56
58,56
58,56
58,56
58,56
58,56
58,56
58,56
58,56
58,56
58,56
58,56
58,56
58,56
58,56
58,56
58,56
58,56
58,56
58,56
58,56
58,56
58,56
58,56
58,56
58,56
58,56
58,56
58,56
58,56
58,56
58,56
58,56
58,56
58,56
58,56
58,56
58,56
58,56
58,56
58,56
58,56
58,56
58,56
58,56
58,56
58,56
58,56
58,56
58,56
58,56
58,56
58,56
58,56
58,56
58,56
58,56
58,56
58,56
58,56
58,56
58,56
58,56
58,56
58,56
58,56
58,56
58,56
58,56
58,56
58,56
58,56
58,56
58,56
58,56
58,56
58,56
58,56
58,56
58,56
58,56
58,56
58,56
58,56
58,56
58,56
58,56
58,56
58,56
58,56
58,56
58,56
58,56
58,56
58,56
58,56
58,56
58,56
58,56
58,56
58,56
58,56
58,56
58,56
58,56
58,56
58,56
58,56
58,56
58,56
58,56
58,56
58,56
58,56
58,56
58,56
58,56
58,56
58,56
58,56
58,56
58,56
58,56
58,56
58,56
58,56
58,56
58,56
58,56
58,56
58,56
58,56
58,56
58,56
58,56
58,56
58,56
58,56
58,56
58,56
58,56
58,56
58,56
58,56
58,56
58,56
58,56
58,56
58,56
58,56
58,56
58,56
58,56
58,56
58,56
58,56
58,56
58,56
58,56
58,56
58,56
58,56
58,56
58,56
58,56
58,56
58,56
58,56
58,56
58,56
58,56
58,56
58,56
58,56
58,56
58,56
58,56
58,56
58,56
58,56
58,56
58,56
58,56
58,56
58,56
58,56
58,56
58,56
58,56
58,56
58,56
58,56
58,56
58,56
58,56
58,56
58,56
58,56
58,56
58,56
58,56
58,56
58,56
58,56
58,56
58,56
58,56
58,56
58,56
58,56
58,56
58,56
58,56
58,56
58,56
58,56
58,56
58,56
58,56
58,56
58,56
58,56
58,56
58,56
58,56
58,56
58,56
58,56
58,56
58,56
58,56
58,56
58,56
58,56
58,56
58,56
58,56
58,56
58,56
58,56
58,56
58,56
58,56
58,56
58,56
58,56
58,56
58,56
58,56
58,56
58,56
58,56
58,56
58,56
58,56
58,56
58,56
58,56
58,56
58,56
58,56
58,56
58,56
58,56
58,56
58,56
58,56
58,56
58,56
58,56
58,56
58,56
58,56
58,56
58,56
58,56
58,56
58,56
58,56
58,56
58,56
58,56
58,56
58,56
58,56
58,56
58,56
58,56
58,56
58,56
58,56
58,56
58,56
58,56
58,56
58,56
58,56
58,56
58,56
58,56
58,56
58,56
58,56
58,56
58,56
58,56
58,56
58,56
58,56
58,56
58,56
58,56
58,56
58,56
58,56
58,56
58,56
58,56
58,56
58,56
58,56
58,56
58,56
58,56
58,56
58,56
58,56
58,56
58,56
58,56
58,56
58,56
58,56
58,56
58,56
58,56
58,56
58,56
58,56
58,56
58,56
58,56
58,56
58,56
58,56
58,56
58,56
58,56
58,56
58,56
58,56
58,56
58,56
58,56
58,56
58,56
58,56
58,56
58,56
58,56
58,56
58,56
58,56
58,56
58,56
58,56
58,56
58,56
58,56
58,56
58,56
58,56
58,56
58,56
58,56
58,56
58,56
58,56
58,56
58,56
58,56
58,56
58,56
58,56
58,56
58,56
58,56
58,56
58,56
58,56
58,56
58,56
58,56
58,56
58,56
58,56
58,56
58,56
58,56
58,56
58,56
58,56
58,56
58,56
58,56
58,56
59,57
59,57
59,57
59,57
59,57
59,57
59,57
59,57
59,57
59,57
59,57
59,57
59,57
59,57
59,57
59,57
59,57
59,57
59,57
59,57
59,57
59,57
59,57
59,57
59,57
59,57
59,57
59,57
59,57
59,57
59,57
59,57
59,57
59,57
59,57
59,57
59,57
59,57
59,57
59,57
59,57
59,57
59,57
59,57
59,57
59,57
59,57
59,57
59,57
59,57
59,57
59,57
59,57
59,57
59,57
59,57
59,57
59,57
59,57
59,57
59,57
59,57
59,57
59,57
59,57
59,57
59,57
59,57
59,57
59,57
59,57
59,57
59,57
59,57
59,57
59,57
59,57
59,57
59,57
59,57
59,57
59,57
59,57
59,57
59,57
59,57
59,57
59,57
59,57
59,57
59,57
59,57
59,57
59,57
59,57
59,57
59,57
59,57
59,57
59,57
59,57
59,57
59,57
59,57
59,57
59,57
59,57
59,57
59,57
59,57
59,57
59,57
59,57
59,57
59,57
59,57
59,57
59,57
59,57
59,57
59,57
59,57
59,57
59,57
59,57
59,57
59,57
59,57
59,57
59,57
59,57
59,57
59,57
59,57
59,57
59,57
59,57
59,57
59,57
59,57
59,57
59,57
59,57
59,57
59,57
59,57
59,57
59,57
59,57
59,57
59,57
59,57
59,57
59,57
59,57
59,57
59,57
59,57
59,57
59,57
59,57
59,57
59,57
59,57
59,57
59,57
59,57
59,57
59,57
59,57
59,57
59,57
59,57
59,57
59,57
59,57
59,57
59,57
59,57
59,57
59,57
59,57
59,57
59,57
59,57
59,57
59,57
59,57
59,57
59,57
59,57
59,57
59,57
59,57
59,57
59,57
59,57
59,57
59,57
59,57
59,57
59,57
59,57
59,57
59,57
59,57
59,57
59,57
59,57
59,57
59,57
59,57
59,57
59,57
59,57
59,57
59,57
59,57
59,57
59,57
59,57
59,57
59,57
59,57
59,57
59,57
59,57
59,57
59,57
59,57
59,57
59,57
59,57
59,57
59,57
59,57
59,57
59,57
59,57
59,57
59,57
59,57
59,57
59,57
59,57
59,57
59,57
59,57
59,57
59,57
59,57
59,57
59,57
59,57
59,57
59,57
59,57
59,57
59,57
59,57
59,57
59,57
59,57
59,57
59,57
59,57
59,57
59,57
59,57
59,57
59,57
59,57
59,57
59,57
59,57
59,57
59,57
59,57
59,57
59,57
59,57
59,57
59,57
59,57
59,57
59,57
59,57
59,57
59,57
59,57
59,57
59,57
59,57
59,57
59,57
59,57
59,57
59,57
59,57
59,57
59,57
59,57
59,57
59,57
59,57
59,57
59,57
59,57
59,57
59,57
59,57
59,57
59,57
59,57
59,57
59,57
59,57
59,57
59,57
59,57
59,57
59,57
59,57
59,57
59,57
59,57
59,57
59,57
59,57
59,57
59,57
59,57
59,57
59,57
59,57
59,57
59,57
59,57
59,57
59,57
59,57
59,57
59,57
59,57
59,57
59,57
59,57
59,57
59,57
59,57
59,57
59,57
59,57
59,57
59,57
59,57
59,57
59,57
59,57
59,57
59,57
59,57
59,57
59,57
59,57
59,57
59,57
59,57
59,57
59,57
59,57
59,57
59,57
59,57
59,57
59,57
59,57
59,57
59,57
59,57
59,57
59,57
59,57
59,57
59,57
59,57
59,57
59,57
59,57
59,57
59,57
59,57
59,57
59,57
59,57
59,57
59,57
59,57
59,57
59,57
59,57
59,57
59,57
59,57
59,57
59,57
59,57
59,57
59,57
59,57
59,57
59,57
59,57
59,57
59,57
59,57
59,57
59,57
59,57
59,57
59,57
59,57
59,57
59,57
59,57
59,57
59,57
59,57
59,57
59,57
59,57
59,57
59,57
59,57
59,57
59,57
59,57
59,57
59,57
59,57
59,57
59,57
59,57
59,57
59,57
59,57
59,57
59,57
59,57
59,57
59,57
59,57
59,57
59,57
59,57
59,57
59,57
59,57
59,57
59,57
59,57
59,57
59,57
59,57
59,57
59,57
59,57
59,57
59,57
59,57
59,57
59,57
59,57
59,57
59,57
59,57
59,57
59,57
59,57
59,57
59,57
59,57
59,57
59,57
59,57
59,57
59,57
59,57
59,57
59,57
59,57
59,57
59,57
59,57
59,57
59,57
59,57
59,57
59,57
59,57
59,57
59,57
59,57
59,57
59,57
59,57
59,57
59,57
59,57
59,57
59,57
59,57
59,57
59,57
59,57
59,57
59,57
59,57
59,57
59,57
59,57
59,57
59,57
59,57
59,57
59,57
59,57
59,57
59,57
59,57
59,57
59,57
59,57
59,57
59,57
59,57
59,57
59,57
59,57
59,57
59,57
59,57
59,57
59,57
59,57
59,57
59,57
59,57
59,57
59,57
59,57
59,57
59,57
59,57
59,57
59,57
59,57
59,57
59,57
59,57
59,57
59,57
59,57
59,57
59,57
59,57
59,57
59,57
59,57
59,57
59,57
59,57
59,57
59,57
59,57
59,57
59,57
59,57
59,57
59,57
59,57
59,57
59,57
59,57
59,57
59,57
59,57
59,57
59,57
59,57
59,57
59,57
59,57
59,57
59,57
59,57
59,57
59,57
59,57
59,57
59,57
59,57
59,57
59,57
59,57
59,57
59,57
59,57
59,57
59,57
59,57
59,57
59,57
59,57
59,57
59,57
59,57
59,57
59,57
59,57
59,57
59,57
59,57
59,57
59,57
59,57
60,58
60,58
60,58
60,58
60,58
60,58
60,58
60,58
60,58
60,58
60,58
60,58
60,58
60,58
60,58
60,58
60,58
60,58
60,58
60,58
60,58
60,58
60,58
60,58
60,58
60,58
60,58
60,58
60,58
60,58
60,58
60,58
60,58
60,58
60,58
60,58
60,58
60,58
60,58
60,58
60,58
60,58
60,58
60,58
60,58
60,58
60,58
60,58
60,58
60,58
60,58
60,58
60,58
60,58
60,58
60,58
60,58
60,58
60,58
60,58
60,58
60,58
60,58
60,58
60,58
60,58
60,58
60,58
60,58
60,58
60,58
60,58
60,58
60,58
60,58
60,58
60,58
60,58
60,58
60,58
60,58
60,58
60,58
60,58
60,58
60,58
60,58
60,58
60,58
60,58
60,58
60,58
60,58
60,58
60,58
60,58
60,58
60,58
60,58
60,58
60,58
60,58
60,58
60,58
60,58
60,58
60,58
60,58
60,58
60,58
60,58
60,58
60,58
60,58
60,58
60,58
60,58
60,58
60,58
60,58
60,58
60,58
60,58
60,58
60,58
60,58
60,58
60,58
60,58
60,58
60,58
60,58
60,58
60,58
60,58
60,58
60,58
60,58
60,58
60,58
60,58
60,58
60,58
60,58
60,58
60,58
60,58
60,58
60,58
60,58
60,58
60,58
60,58
60,58
60,58
60,58
60,58
60,58
60,58
60,58
60,58
60,58
60,58
60,58
60,58
60,58
60,58
60,58
60,58
60,58
60,58
60,58
60,58
60,58
60,58
60,58
60,58
60,58
60,58
60,58
60,58
60,58
60,58
60,58
60,58
60,58
60,58
60,58
60,58
60,58
60,58
60,58
60,58
60,58
60,58
60,58
60,58
60,58
60,58
60,58
60,58
60,58
60,58
60,58
60,58
60,58
60,58
60,58
60,58
60,58
60,58
60,58
60,58
60,58
60,58
60,58
60,58
60,58
60,58
60,58
60,58
60,58
60,58
60,58
60,58
60,58
60,58
60,58
60,58
60,58
60,58
60,58
60,58
60,58
60,58
60,58
60,58
60,58
60,58
60,58
60,58
60,58
60,58
60,58
60,58
60,58
60,58
60,58
60,58
60,58
60,58
60,58
60,58
60,58
60,58
60,58
60,58
60,58
60,58
60,58
60,58
60,58
60,58
60,58
60,58
60,58
60,58
60,58
60,58
60,58
60,58
60,58
60,58
60,58
60,58
60,58
60,58
60,58
60,58
60,58
60,58
60,58
60,58
60,58
60,58
60,58
60,58
60,58
60,58
60,58
60,58
60,58
60,58
60,58
60,58
60,58
60,58
60,58
60,58
60,58
60,58
60,58
60,58
60,58
60,58
60,58
60,58
60,58
60,58
60,58
60,58
60,58
60,58
60,58
60,58
60,58
60,58
60,58
60,58
60,58
60,58
60,58
60,58
60,58
60,58
60,58
60,58
60,58
60,58
60,58
60,58
60,58
60,58
60,58
60,58
60,58
60,58
60,58
60,58
60,58
60,58
60,58
60,58
60,58
60,58
60,58
60,58
60,58
60,58
60,58
60,58
60,58
60,58
60,58
60,58
60,58
60,58
60,58
60,58
60,58
60,58
60,58
60,58
60,58
60,58
60,58
60,58
60,58
60,58
60,58
60,58
60,58
60,58
60,58
60,58
60,58
60,58
60,58
60,58
60,58
60,58
60,58
60,58
60,58
60,58
60,58
60,58
60,58
60,58
60,58
60,58
60,58
60,58
60,58
60,58
60,58
60,58
60,58
60,58
60,58
60,58
60,58
60,58
60,58
60,58
60,58
60,58
60,58
60,58
60,58
60,58
60,58
60,58
60,58
60,58
60,58
60,58
60,58
60,58
60,58
60,58
60,58
60,58
60,58
60,58
60,58
60,58
60,58
60,58
60,58
60,58
60,58
60,58
60,58
60,58
60,58
60,58
60,58
60,58
60,58
60,58
60,58
60,58
60,58
60,58
60,58
60,58
60,58
60,58
60,58
60,58
60,58
60,58
60,58
60,58
60,58
60,58
60,58
60,58
60,58
60,58
60,58
60,58
60,58
60,58
60,58
60,58
60,58
60,58
60,58
60,58
60,58
60,58
60,58
60,58
60,58
60,58
60,58
60,58
60,58
60,58
60,58
60,58
60,58
60,58
60,58
60,58
60,58
60,58
60,58
60,58
60,58
60,58
60,58
60,58
60,58
60,58
60,58
60,58
60,58
60,58
60,58
60,58
60,58
60,58
60,58
60,58
60,58
60,58
60,58
60,58
60,58
60,58
60,58
60,58
60,58
60,58
60,58
60,58
60,58
60,58
60,58
60,58
60,58
60,58
60,58
60,58
60,58
60,58
60,58
60,58
60,58
60,58
60,58
60,58
60,58
60,58
60,58
60,58
60,58
60,58
60,58
60,58
60,58
60,58
60,58
60,58
60,58
60,58
60,58
60,58
60,58
60,58
60,58
60,58
60,58
60,58
60,58
60,58
60,58
60,58
60,58
60,58
60,58
60,58
60,58
60,58
60,58
61,59
61,59
61,59
61,59
61,59
61,59
61,59
61,59
61,59
61,59
61,59
61,59
61,59
61,59
61,59
61,59
61,59
61,59
61,59
61,59
61,59
61,59
61,59
61,59
61,59
61,59
61,59
61,59
61,59
61,59
61,59
61,59
61,59
61,59
61,59
61,59
61,59
61,59
61,59
61,59
61,59
61,59
61,59
61,59
61,59
61,59
61,59
61,59
61,59
61,59
61,59
61,59
61,59
61,59
61,59
61,59
61,59
61,59
61,59
61,59
61,59
61,59
61,59
61,59
61,59
61,59
61,59
61,59
61,59
61,59
61,59
61,59
61,59
61,59
61,59
61,59
61,59
61,59
61,59
61,59
61,59
61,59
61,59
61,59
61,59
61,59
61,59
61,59
61,59
61,59
61,59
61,59
61,59
61,59
61,59
61,59
61,59
61,59
61,59
61,59
61,59
61,59
61,59
61,59
61,59
61,59
61,59
61,59
61,59
61,59
61,59
61,59
61,59
61,59
61,59
61,59
61,59
61,59
61,59
61,59
61,59
61,59
61,59
61,59
61,59
61,59
61,59
61,59
61,59
61,59
61,59
61,59
61,59
61,59
61,59
61,59
61,59
61,59
61,59
61,59
61,59
61,59
61,59
61,59
61,59
61,59
61,59
61,59
61,59
61,59
61,59
61,59
61,59
61,59
61,59
61,59
61,59
61,59
61,59
61,59
61,59
61,59
61,59
61,59
61,59
61,59
61,59
61,59
61,59
61,59
61,59
61,59
61,59
61,59
61,59
61,59
61,59
61,59
61,59
61,59
61,59
61,59
61,59
61,59
61,59
61,59
61,59
61,59
61,59
61,59
61,59
61,59
61,59
61,59
61,59
61,59
61,59
61,59
61,59
61,59
61,59
61,59
61,59
61,59
61,59
61,59
61,59
61,59
61,59
61,59
61,59
61,59
61,59
61,59
61,59
61,59
61,59
61,59
61,59
61,59
61,59
61,59
61,59
61,59
61,59
61,59
61,59
61,59
61,59
61,59
61,59
61,59
61,59
61,59
61,59
61,59
61,59
61,59
61,59
61,59
61,59
61,59
61,59
61,59
61,59
61,59
61,59
61,59
61,59
61,59
61,59
61,59
61,59
61,59
61,59
61,59
61,59
61,59
61,59
61,59
61,59
61,59
61,59
61,59
61,59
61,59
61,59
61,59
61,59
61,59
61,59
61,59
61,59
61,59
61,59
61,59
61,59
61,59
61,59
61,59
61,59
61,59
61,59
61,59
61,59
61,59
61,59
61,59
61,59
61,59
61,59
61,59
61,59
61,59
61,59
61,59
61,59
61,59
61,59
61,59
61,59
61,59
61,59
61,59
61,59
61,59
61,59
61,59
61,59
61,59
61,59
61,59
61,59
61,59
61,59
61,59
61,59
61,59
61,59
61,59
61,59
61,59
61,59
61,59
61,59
61,59
61,59
61,59
61,59
61,59
61,59
61,59
61,59
61,59
61,59
61,59
61,59
61,59
61,59
61,59
61,59
61,59
61,59
61,59
61,59
61,59
61,59
61,59
61,59
61,59
61,59
61,59
61,59
61,59
61,59
61,59
61,59
61,59
61,59
61,59
61,59
61,59
61,59
61,59
61,59
61,59
61,59
61,59
61,59
61,59
61,59
61,59
61,59
61,59
61,59
61,59
61,59
61,59
61,59
61,59
61,59
61,59
61,59
61,59
61,59
61,59
61,59
61,59
61,59
61,59
61,59
61,59
61,59
61,59
61,59
61,59
61,59
61,59
61,59
61,59
61,59
61,59
61,59
61,59
61,59
61,59
61,59
61,59
61,59
61,59
61,59
61,59
61,59
61,59
61,59
61,59
61,59
61,59
61,59
61,59
61,59
61,59
61,59
61,59
61,59
61,59
61,59
61,59
61,59
61,59
61,59
61,59
61,59
61,59
61,59
61,59
61,59
61,59
61,59
61,59
61,59
61,59
61,59
61,59
61,59
61,59
61,59
61,59
61,59
61,59
61,59
61,59
61,59
61,59
61,59
61,59
61,59
61,59
61,59
61,59
61,59
61,59
61,59
61,59
61,59
61,59
61,59
61,59
61,59
61,59
61,59
61,59
61,59
61,59
61,59
61,59
61,59
61,59
61,59
61,59
61,59
61,59
61,59
61,59
61,59
61,59
61,59
61,59
61,59
61,59
61,59
61,59
61,59
61,59
61,59
61,59
61,59
61,59
61,59
61,59
61,59
61,59
61,59
61,59
61,59
61,59
61,59
61,59
61,59
61,59
62,60
62,60
62,60
62,60
62,60
62,60
62,60
62,60
62,60
62,60
62,60
62,60
62,60
62,60
62,60
62,60
62,60
62,60
62,60
62,60
62,60
62,60
62,60
62,60
62,60
62,60
62,60
62,60
62,60
62,60
62,60
62,60
62,60
62,60
62,60
62,60
62,60
62,60
62,60
62,60
62,60
62,60
62,60
62,60
62,60
62,60
62,60
62,60
62,60
62,60
62,60
62,60
62,60
62,60
62,60
62,60
62,60
62,60
62,60
62,60
62,60
62,60
62,60
62,60
62,60
62,60
62,60
62,60
62,60
62,60
62,60
62,60
62,60
62,60
62,60
62,60
62,60
62,60
62,60
62,60
62,60
62,60
62,60
62,60
62,60
62,60
62,60
62,60
62,60
62,60
62,60
62,60
62,60
62,60
62,60
62,60
62,60
62,60
62,60
62,60
62,60
62,60
62,60
62,60
62,60
62,60
62,60
62,60
62,60
62,60
62,60
62,60
62,60
62,60
62,60
62,60
62,60
62,60
62,60
62,60
62,60
62,60
62,60
62,60
62,60
62,60
62,60
62,60
62,60
62,60
62,60
62,60
62,60
62,60
62,60
62,60
62,60
62,60
62,60
62,60
62,60
62,60
62,60
62,60
62,60
62,60
62,60
62,60
62,60
62,60
62,60
62,60
62,60
62,60
62,60
62,60
62,60
62,60
62,60
62,60
62,60
62,60
62,60
62,60
62,60
62,60
62,60
62,60
62,60
62,60
62,60
62,60
62,60
62,60
62,60
62,60
62,60
62,60
62,60
62,60
62,60
62,60
62,60
62,60
62,60
62,60
62,60
62,60
62,60
62,60
62,60
62,60
62,60
62,60
62,60
62,60
62,60
62,60
62,60
62,60
62,60
62,60
62,60
62,60
62,60
62,60
62,60
62,60
62,60
62,60
62,60
62,60
62,60
62,60
62,60
62,60
62,60
62,60
62,60
62,60
62,60
62,60
62,60
62,60
62,60
62,60
62,60
62,60
62,60
62,60
62,60
62,60
62,60
62,60
62,60
62,60
62,60
62,60
62,60
62,60
62,60
62,60
62,60
62,60
62,60
62,60
62,60
62,60
62,60
62,60
62,60
62,60
62,60
62,60
62,60
62,60
62,60
62,60
62,60
62,60
62,60
62,60
62,60
62,60
62,60
62,60
62,60
62,60
62,60
62,60
62,60
62,60
62,60
62,60
62,60
62,60
62,60
62,60
62,60
62,60
62,60
62,60
62,60
62,60
62,60
62,60
62,60
62,60
62,60
62,60
62,60
62,60
62,60
62,60
62,60
62,60
62,60
62,60
62,60
62,60
62,60
62,60
62,60
62,60
62,60
62,60
62,60
62,60
62,60
62,60
62,60
62,60
62,60
62,60
62,60
62,60
62,60
62,60
62,60
62,60
62,60
62,60
62,60
62,60
62,60
62,60
62,60
62,60
62,60
62,60
62,60
62,60
62,60
62,60
62,60
62,60
62,60
62,60
62,60
62,60
62,60
62,60
62,60
62,60
62,60
62,60
62,60
62,60
62,60
62,60
62,60
62,60
62,60
62,60
62,60
62,60
62,60
62,60
62,60
62,60
62,60
62,60
62,60
62,60
62,60
62,60
62,60
62,60
62,60
62,60
62,60
62,60
62,60
62,60
62,60
62,60
62,60
62,60
62,60
62,60
62,60
62,60
62,60
62,60
62,60
62,60
62,60
62,60
62,60
62,60
62,60
62,60
62,60
62,60
62,60
62,60
62,60
62,60
62,60
62,60
62,60
62,60
62,60
62,60
62,60
62,60
62,60
62,60
62,60
62,60
62,60
62,60
62,60
62,60
62,60
62,60
62,60
62,60
62,60
62,60
62,60
62,60
62,60
62,60
62,60
62,60
62,60
62,60
62,60
62,60
62,60
62,60
62,60
62,60
62,60
62,60
62,60
62,60
62,60
62,60
62,60
62,60
62,60
62,60
62,60
62,60
62,60
62,60
62,60
62,60
62,60
62,60
62,60
62,60
62,60
62,60
62,60
62,60
62,60
62,60
62,60
62,60
62,60
62,60
62,60
62,60
62,60
62,60
62,60
62,60
62,60
62,60
62,60
62,60
62,60
62,60
62,60
62,60
62,60
62,60
62,60
62,60
62,60
62,60
62,60
62,60
62,60
62,60
62,60
62,60
62,60
62,60
62,60
62,60
62,60
62,60
62,60
62,60
62,60
62,60
62,60
62,60
62,60
63,61
63,61
63,61
63,61
63,61
63,61
63,61
63,61
63,61
63,61
63,61
63,61
63,61
63,61
63,61
63,61
63,61
63,61
63,61
63,61
63,61
63,61
63,61
63,61
63,61
63,61
63,61
63,61
63,61
63,61
63,61
63,61
63,61
63,61
63,61
63,61
63,61
63,61
63,61
63,61
63,61
63,61
63,61
63,61
63,61
63,61
63,61
63,61
63,61
63,61
63,61
63,61
63,61
63,61
63,61
63,61
63,61
63,61
63,61
63,61
63,61
63,61
63,61
63,61
63,61
63,61
63,61
63,61
63,61
63,61
63,61
63,61
63,61
63,61
63,61
63,61
63,61
63,61
63,61
63,61
63,61
63,61
63,61
63,61
63,61
63,61
63,61
63,61
63,61
63,61
63,61
63,61
63,61
63,61
63,61
63,61
63,61
63,61
63,61
63,61
63,61
63,61
63,61
63,61
63,61
63,61
63,61
63,61
63,61
63,61
63,61
63,61
63,61
63,61
63,61
63,61
63,61
63,61
63,61
63,61
63,61
63,61
63,61
63,61
63,61
63,61
63,61
63,61
63,61
63,61
63,61
63,61
63,61
63,61
63,61
63,61
63,61
63,61
63,61
63,61
63,61
63,61
63,61
63,61
63,61
63,61
63,61
63,61
63,61
63,61
63,61
63,61
63,61
63,61
63,61
63,61
63,61
63,61
63,61
63,61
63,61
63,61
63,61
63,61
63,61
63,61
63,61
63,61
63,61
63,61
63,61
63,61
63,61
63,61
63,61
63,61
63,61
63,61
63,61
63,61
63,61
63,61
63,61
63,61
63,61
63,61
63,61
63,61
63,61
63,61
63,61
63,61
63,61
63,61
63,61
63,61
63,61
63,61
63,61
63,61
63,61
63,61
63,61
63,61
63,61
63,61
63,61
63,61
63,61
63,61
63,61
63,61
63,61
63,61
63,61
63,61
63,61
63,61
63,61
63,61
63,61
63,61
63,61
63,61
63,61
63,61
63,61
63,61
63,61
63,61
63,61
63,61
63,61
63,61
63,61
63,61
63,61
63,61
63,61
63,61
63,61
63,61
63,61
63,61
63,61
63,61
63,61
63,61
63,61
63,61
63,61
63,61
63,61
63,61
63,61
63,61
63,61
63,61
63,61
63,61
63,61
63,61
63,61
63,61
63,61
63,61
63,61
63,61
63,61
63,61
63,61
63,61
63,61
63,61
63,61
63,61
63,61
63,61
63,61
63,61
63,61
63,61
63,61
63,61
63,61
63,61
63,61
63,61
63,61
63,61
63,61
63,61
63,61
63,61
63,61
63,61
63,61
63,61
63,61
63,61
63,61
63,61
63,61
63,61
63,61
63,61
63,61
63,61
63,61
63,61
63,61
63,61
63,61
63,61
63,61
63,61
63,61
63,61
63,61
63,61
63,61
63,61
63,61
63,61
63,61
63,61
63,61
63,61
63,61
63,61
63,61
63,61
63,61
63,61
63,61
63,61
63,61
63,61
63,61
63,61
63,61
63,61
63,61
63,61
63,61
63,61
63,61
63,61
63,61
63,61
63,61
63,61
63,61
63,61
63,61
63,61
63,61
64,62
64,62
64,62
64,62
64,62
64,62
64,62
64,62
64,62
64,62
64,62
64,62
64,62
64,62
64,62
64,62
64,62
64,62
64,62
64,62
64,62
64,62
64,62
64,62
64,62
64,62
64,62
64,62
64,62
64,62
64,62
64,62
64,62
64,62
64,62
64,62
64,62
64,62
64,62
64,62
64,62
64,62
64,62
64,62
64,62
64,62
64,62
64,62
64,62
64,62
64,62
64,62
64,62
64,62
64,62
64,62
64,62
64,62
64,62
64,62
64,62
64,62
64,62
64,62
64,62
64,62
64,62
64,62
64,62
64,62
64,62
64,62
64,62
64,62
64,62
64,62
64,62
64,62
64,62
64,62
64,62
64,62
64,62
64,62
64,62
64,62
64,62
64,62
64,62
64,62
64,62
64,62
64,62
64,62
64,62
64,62
64,62
64,62
64,62
64,62
64,62
64,62
64,62
64,62
64,62
64,62
64,62
64,62
64,62
64,62
64,62
64,62
64,62
64,62
64,62
64,62
64,62
64,62
64,62
64,62
64,62
64,62
64,62
64,62
64,62
64,62
64,62
64,62
64,62
64,62
64,62
64,62
64,62
64,62
64,62
64,62
64,62
64,62
64,62
64,62
64,62
64,62
64,62
64,62
64,62
64,62
64,62
64,62
64,62
64,62
64,62
64,62
64,62
64,62
64,62
64,62
64,62
64,62
64,62
64,62
64,62
64,62
64,62
64,62
64,62
64,62
64,62
64,62
64,62
64,62
64,62
64,62
64,62
64,62
64,62
64,62
64,62
64,62
64,62
64,62
64,62
64,62
64,62
64,62
64,62
64,62
64,62
64,62
64,62
64,62
64,62
64,62
64,62
64,62
64,62
64,62
64,62
64,62
64,62
64,62
64,62
64,62
64,62
64,62
64,62
64,62
64,62
64,62
64,62
64,62
64,62
64,62
64,62
64,62
64,62
64,62
64,62
64,62
64,62
64,62
64,62
64,62
64,62
64,62
64,62
64,62
64,62
64,62
64,62
64,62
64,62
64,62
64,62
64,62
64,62
64,62
64,62
64,62
64,62
64,62
64,62
64,62
64,62
64,62
64,62
64,62
64,62
64,62
64,62
64,62
64,62
64,62
64,62
64,62
64,62
64,62
64,62
64,62
64,62
64,62
64,62
64,62
64,62
64,62
64,62
64,62
64,62
64,62
64,62
64,62
64,62
64,62
64,62
64,62
64,62
64,62
64,62
64,62
64,62
64,62
64,62
64,62
64,62
64,62
64,62
64,62
64,62
64,62
64,62
64,62
64,62
64,62
64,62
64,62
64,62
64,62
64,62
64,62
64,62
64,62
64,62
64,62
64,62
64,62
64,62
64,62
64,62
64,62
64,62
64,62
64,62
64,62
64,62
64,62
64,62
64,62
64,62
64,62
64,62
64,62
64,62
64,62
64,62
64,62
64,62
64,62
64,62
64,62
64,62
64,62
64,62
64,62
64,62
64,62
64,62
64,62
64,62
64,62
64,62
64,62
64,62
64,62
64,62
64,62
64,62
64,62
64,62
64,62
64,62
64,62
64,62
64,62
64,62
64,62
64,62
64,62
64,62
64,62
64,62
64,62
64,62
64,62
64,62
65,63
65,63
65,63
65,63
65,63
65,63
65,63
65,63
65,63
65,63
65,63
65,63
65,63
65,63
65,63
65,63
65,63
65,63
65,63
65,63
65,63
65,63
65,63
65,63
65,63
65,63
65,63
65,63
65,63
65,63
65,63
65,63
65,63
65,63
65,63
65,63
65,63
65,63
65,63
65,63
65,63
65,63
65,63
65,63
65,63
65,63
65,63
65,63
65,63
65,63
65,63
65,63
65,63
65,63
65,63
65,63
65,63
65,63
65,63
65,63
65,63
65,63
65,63
65,63
65,63
65,63
65,63
65,63
65,63
65,63
65,63
65,63
65,63
65,63
65,63
65,63
65,63
65,63
65,63
65,63
65,63
65,63
65,63
65,63
65,63
65,63
65,63
65,63
65,63
65,63
65,63
65,63
65,63
65,63
65,63
65,63
65,63
65,63
65,63
65,63
65,63
65,63
65,63
65,63
65,63
65,63
65,63
65,63
65,63
65,63
65,63
65,63
65,63
65,63
65,63
65,63
65,63
65,63
65,63
65,63
65,63
65,63
65,63
65,63
65,63
65,63
65,63
65,63
65,63
65,63
65,63
65,63
65,63
65,63
65,63
65,63
65,63
65,63
65,63
65,63
65,63
65,63
65,63
65,63
65,63
65,63
65,63
65,63
65,63
65,63
65,63
65,63
65,63
65,63
65,63
65,63
65,63
65,63
65,63
65,63
65,63
65,63
65,63
65,63
65,63
65,63
65,63
65,63
65,63
65,63
65,63
65,63
65,63
65,63
65,63
65,63
65,63
65,63
65,63
65,63
65,63
65,63
65,63
65,63
65,63
65,63
65,63
65,63
65,63
65,63
65,63
65,63
65,63
65,63
65,63
65,63
65,63
65,63
65,63
65,63
65,63
65,63
65,63
65,63
65,63
65,63
65,63
65,63
65,63
65,63
65,63
65,63
65,63
65,63
65,63
65,63
65,63
65,63
65,63
65,63
65,63
65,63
65,63
65,63
65,63
65,63
65,63
65,63
65,63
65,63
65,63
65,63
65,63
65,63
65,63
65,63
65,63
65,63
65,63
65,63
65,63
65,63
65,63
65,63
65,63
65,63
65,63
65,63
65,63
65,63
65,63
65,63
65,63
65,63
65,63
65,63
65,63
65,63
65,63
65,63
65,63
65,63
65,63
65,63
65,63
65,63
65,63
65,63
65,63
65,63
65,63
65,63
65,63
65,63
65,63
65,63
65,63
65,63
65,63
65,63
65,63
65,63
65,63
65,63
65,63
65,63
65,63
65,63
65,63
65,63
65,63
65,63
65,63
65,63
65,63
65,63
65,63
66,64
66,64
66,64
66,64
66,64
66,64
66,64
66,64
66,64
66,64
66,64
66,64
66,64
66,64
66,64
66,64
66,64
66,64
66,64
66,64
66,64
66,64
66,64
66,64
66,64
66,64
66,64
66,64
66,64
66,64
66,64
66,64
66,64
66,64
66,64
66,64
66,64
66,64
66,64
66,64
66,64
66,64
66,64
66,64
66,64
66,64
66,64
66,64
66,64
66,64
66,64
66,64
66,64
66,64
66,64
66,64
66,64
66,64
66,64
66,64
66,64
66,64
66,64
66,64
66,64
66,64
66,64
66,64
66,64
66,64
66,64
66,64
66,64
66,64
66,64
66,64
66,64
66,64
66,64
66,64
66,64
66,64
66,64
66,64
66,64
66,64
66,64
66,64
66,64
66,64
66,64
66,64
66,64
66,64
66,64
66,64
66,64
66,64
66,64
66,64
66,64
66,64
66,64
66,64
66,64
66,64
66,64
66,64
66,64
66,64
66,64
66,64
66,64
66,64
66,64
66,64
66,64
66,64
66,64
66,64
66,64
66,64
66,64
66,64
66,64
66,64
66,64
66,64
66,64
66,64
66,64
66,64
66,64
66,64
66,64
66,64
66,64
66,64
66,64
66,64
66,64
66,64
66,64
66,64
66,64
66,64
66,64
66,64
66,64
66,64
66,64
66,64
66,64
66,64
66,64
66,64
66,64
66,64
66,64
66,64
66,64
66,64
66,64
66,64
66,64
66,64
66,64
66,64
66,64
66,64
66,64
66,64
66,64
66,64
66,64
66,64
66,64
66,64
66,64
66,64
66,64
66,64
66,64
66,64
66,64
66,64
66,64
66,64
66,64
66,64
66,64
66,64
66,64
66,64
66,64
66,64
66,64
66,64
66,64
66,64
66,64
66,64
66,64
66,64
66,64
66,64
66,64
66,64
66,64
66,64
66,64
66,64
66,64
66,64
66,64
66,64
66,64
66,64
66,64
66,64
66,64
66,64
66,64
66,64
66,64
66,64
66,64
66,64
66,64
66,64
66,64
66,64
66,64
66,64
66,64
66,64
66,64
66,64
66,64
66,64
66,64
66,64
66,64
66,64
66,64
66,64
66,64
66,64
66,64
66,64
66,64
66,64
66,64
67,65
67,65
67,65
67,65
67,65
67,65
67,65
67,65
67,65
67,65
67,65
67,65
67,65
67,65
67,65
67,65
67,65
67,65
67,65
67,65
67,65
67,65
67,65
67,65
67,65
67,65
67,65
67,65
67,65
67,65
67,65
67,65
67,65
67,65
67,65
67,65
67,65
67,65
67,65
67,65
67,65
67,65
67,65
67,65
67,65
67,65
67,65
67,65
67,65
67,65
67,65
67,65
67,65
67,65
67,65
67,65
67,65
67,65
67,65
67,65
67,65
67,65
67,65
67,65
67,65
67,65
67,65
67,65
67,65
67,65
67,65
67,65
67,65
67,65
67,65
67,65
67,65
67,65
67,65
67,65
67,65
67,65
67,65
67,65
67,65
67,65
67,65
67,65
67,65
67,65
67,65
67,65
67,65
67,65
67,65
67,65
67,65
67,65
67,65
67,65
67,65
67,65
67,65
67,65
67,65
67,65
67,65
67,65
67,65
67,65
67,65
67,65
67,65
67,65
67,65
67,65
67,65
67,65
67,65
67,65
67,65
67,65
67,65
67,65
67,65
67,65
67,65
67,65
67,65
67,65
67,65
67,65
67,65
67,65
67,65
67,65
67,65
67,65
67,65
67,65
67,65
67,65
67,65
67,65
67,65
67,65
67,65
67,65
67,65
67,65
67,65
67,65
67,65
67,65
67,65
67,65
67,65
67,65
67,65
67,65
67,65
67,65
67,65
67,65
67,65
67,65
67,65
67,65
67,65
67,65
67,65
67,65
67,65
67,65
67,65
67,65
67,65
67,65
67,65
67,65
67,65
67,65
67,65
67,65
67,65
67,65
67,65
67,65
68,66
68,66
68,66
68,66
68,66
68,66
68,66
68,66
68,66
68,66
68,66
68,66
68,66
68,66
68,66
68,66
68,66
68,66
68,66
68,66
68,66
68,66
68,66
68,66
68,66
68,66
68,66
68,66
68,66
68,66
68,66
68,66
68,66
68,66
68,66
68,66
68,66
68,66
68,66
68,66
68,66
68,66
68,66
68,66
68,66
68,66
68,66
68,66
68,66
68,66
68,66
68,66
68,66
68,66
68,66
68,66
68,66
68,66
68,66
68,66
68,66
68,66
68,66
68,66
68,66
68,66
68,66
68,66
68,66
68,66
68,66
68,66
68,66
68,66
68,66
68,66
68,66
68,66
68,66
68,66
68,66
68,66
68,66
68,66
68,66
68,66
68,66
68,66
68,66
68,66
68,66
68,66
68,66
68,66
68,66
68,66
68,66
68,66
68,66
68,66
68,66
68,66
68,66
68,66
68,66
68,66
68,66
68,66
68,66
68,66
68,66
68,66
68,66
68,66
68,66
68,66
68,66
68,66
68,66
68,66
68,66
68,66
68,66
68,66
68,66
68,66
68,66
68,66
68,66
68,66
68,66
68,66
68,66
68,66
68,66
68,66
68,66
68,66
68,66
68,66
68,66
68,66
68,66
68,66
68,66
68,66
68,66
68,66
68,66
68,66
68,66
68,66
68,66
68,66
68,66
68,66
68,66
68,66
68,66
68,66
68,66
69,67
69,67
69,67
69,67
69,67
69,67
69,67
69,67
69,67
69,67
69,67
69,67
69,67
69,67
69,67
69,67
69,67
69,67
69,67
69,67
69,67
69,67
69,67
69,67
69,67
69,67
69,67
69,67
69,67
69,67
69,67
69,67
69,67
69,67
69,67
69,67
69,67
69,67
69,67
69,67
69,67
69,67
69,67
69,67
69,67
69,67
69,67
69,67
69,67
69,67
69,67
69,67
69,67
69,67
69,67
69,67
69,67
69,67
69,67
69,67
69,67
69,67
69,67
69,67
69,67
69,67
69,67
69,67
69,67
69,67
69,67
69,67
69,67
69,67
69,67
69,67
69,67
69,67
69,67
69,67
69,67
69,67
69,67
69,67
69,67
69,67
69,67
69,67
69,67
69,67
69,67
69,67
69,67
69,67
69,67
69,67
69,67
69,67
69,67
69,67
69,67
69,67
69,67
69,67
69,67
69,67
69,67
69,67
69,67
69,67
69,67
69,67
69,67
69,67
69,67
69,67
69,67
69,67
69,67
69,67
69,67
69,67
69,67
69,67
69,67
69,67
69,67
70,68
70,68
70,68
70,68
70,68
70,68
70,68
70,68
70,68
70,68
70,68
70,68
70,68
70,68
70,68
70,68
70,68
70,68
70,68
70,68
70,68
70,68
70,68
70,68
70,68
70,68
70,68
70,68
70,68
70,68
70,68
70,68
70,68
70,68
70,68
70,68
70,68
70,68
70,68
70,68
70,68
70,68
70,68
70,68
70,68
70,68
70,68
70,68
70,68
70,68
70,68
70,68
70,68
70,68
70,68
70,68
70,68
70,68
70,68
70,68
70,68
70,68
70,68
70,68
70,68
70,68
70,68
70,68
70,68
70,68
70,68
70,68
70,68
70,68
70,68
70,68
70,68
70,68
70,68
70,68
70,68
70,68
70,68
70,68
70,68
70,68
70,68
70,68
70,68
70,68
70,68
70,68
70,68
70,68
70,68
70,68
70,68
70,68
70,68
70,68
70,68
70,68
70,68
70,68
70,68
70,68
70,68
70,68
70,68
70,68
70,68
70,68
70,68
70,68
70,68
70,68
70,68
70,68
70,68
70,68
70,68
70,68
70,68
70,68
70,68
71,69
71,69
71,69
71,69
71,69
71,69
71,69
71,69
71,69
71,69
71,69
71,69
71,69
71,69
71,69
71,69
71,69
71,69
71,69
71,69
71,69
71,69
71,69
71,69
71,69
71,69
71,69
71,69
71,69
71,69
71,69
71,69
71,69
71,69
71,69
71,69
71,69
71,69
71,69
71,69
71,69
71,69
71,69
71,69
71,69
71,69
71,69
71,69
71,69
71,69
71,69
71,69
71,69
71,69
71,69
71,69
71,69
71,69
71,69
71,69
71,69
71,69
71,69
71,69
71,69
71,69
71,69
71,69
71,69
71,69
71,69
71,69
71,69
71,69
71,69
71,69
71,69
71,69
71,69
71,69
71,69
71,69
71,69
71,69
71,69
71,69
71,69
71,69
71,69
71,69
71,69
71,69
71,69
71,69
71,69
71,69
71,69
71,69
71,69
71,69
71,69
71,69
71,69
71,69
71,69
71,69
71,69
71,69
71,69
71,69
71,69
71,69
71,69
71,69
72,70
72,70
72,70
72,70
72,70
72,70
72,70
72,70
72,70
72,70
72,70
72,70
72,70
72,70
72,70
72,70
72,70
72,70
72,70
72,70
72,70
72,70
72,70
72,70
72,70
72,70
72,70
72,70
72,70
72,70
72,70
72,70
72,70
72,70
72,70
72,70
72,70
72,70
72,70
72,70
72,70
72,70
72,70
72,70
72,70
72,70
72,70
72,70
72,70
72,70
72,70
72,70
72,70
72,70
72,70
72,70
72,70
72,70
72,70
72,70
72,70
72,70
72,70
72,70
72,70
72,70
72,70
72,70
72,70
72,70
72,70
72,70
72,70
72,70
72,70
72,70
72,70
72,70
72,70
72,70
72,70
72,70
72,70
72,70
72,70
72,70
72,70
72,70
72,70
73,71
73,71
73,71
73,71
73,71
73,71
73,71
73,71
73,71
73,71
73,71
73,71
73,71
73,71
73,71
73,71
73,71
73,71
73,71
73,71
73,71
73,71
73,71
73,71
73,71
73,71
73,71
73,71
73,71
73,71
73,71
73,71
73,71
73,71
73,71
73,71
73,71
73,71
73,71
73,71
73,71
73,71
73,71
73,71
73,71
73,71
73,71
73,71
73,71
73,71
73,71
73,71
73,71
73,71
73,71
73,71
73,71
73,71
73,71
73,71
73,71
73,71
73,71
73,71
73,71
73,71
73,71
73,71
73,71
73,71
73,71
73,71
73,71
73,71
73,71
73,71
73,71
73,71
73,71
73,71
73,71
73,71
73,71
73,71
73,71
73,71
73,71
73,71
74,72
74,72
74,72
74,72
74,72
74,72
74,72
74,72
74,72
74,72
74,72
74,72
74,72
74,72
74,72
74,72
74,72
74,72
74,72
74,72
74,72
74,72
74,72
74,72
74,72
74,72
74,72
74,72
74,72
74,72
74,72
74,72
74,72
74,72
74,72
74,72
74,72
74,72
74,72
74,72
74,72
74,72
74,72
74,72
74,72
74,72
74,72
74,72
74,72
74,72
74,72
74,72
74,72
75,73
75,73
75,73
75,73
75,73
75,73
75,73
75,73
75,73
75,73
75,73
75,73
75,73
75,73
75,73
75,73
75,73
75,73
75,73
75,73
75,73
75,73
75,73
75,73
75,73
75,73
75,73
75,73
75,73
75,73
75,73
75,73
75,73
75,73
75,73
75,73
75,73
75,73
75,73
75,73
75,73
75,73
75,73
75,73
75,73
75,73
75,73
75,73
75,73
75,73
75,73
75,73
75,73
75,73
75,73
75,73
75,73
75,73
76,74
76,74
76,74
76,74
76,74
76,74
76,74
76,74
76,74
76,74
76,74
76,74
76,74
76,74
76,74
76,74
76,74
76,74
76,74
76,74
76,74
76,74
76,74
76,74
76,74
76,74
76,74
76,74
76,74
76,74
76,74
76,74
76,74
76,74
76,74
76,74
76,74
76,74
77,75
77,75
77,75
77,75
77,75
77,75
77,75
77,75
77,75
77,75
77,75
77,75
77,75
77,75
77,75
77,75
77,75
77,75
77,75
77,75
77,75
77,75
77,75
77,75
77,75
77,75
77,75
77,75
77,75
77,75
77,75
77,75
77,75
77,75
77,75
77,75
77,75
77,75
77,75
77,75
77,75
77,75
77,75
77,75
78,76
78,76
78,76
78,76
78,76
78,76
78,76
78,76
78,76
78,76
78,76
78,76
78,76
78,76
78,76
78,76
78,76
78,76
78,76
78,76
78,76
78,76
78,76
78,76
78,76
78,76
79,77
79,77
79,77
79,77
79,77
79,77
79,77
79,77
79,77
79,77
79,77
79,77
79,77
79,77
79,77
79,77
79,77
79,77
79,77
79,77
79,77
79,77
79,77
79,77
79,77
79,77
79,77
79,77
79,77
79,77
80,78
80,78
80,78
80,78
80,78
80,78
80,78
80,78
80,78
80,78
80,78
80,78
80,78
80,78
80,78
80,78
80,78
80,78
80,78
80,78
80,78
80,78
81,79
81,79
81,79
81,79
81,79
81,79
81,79
81,79
82,80
82,80
82,80
82,80
82,80
82,80
82,80
82,80
82,80
82,80
82,80
82,80
82,80
82,80
83,81
83,81
83,81
83,81
83,81
83,81
83,81
84,82
84,82
84,82
84,82
84,82
84,82
84,82
85,83
85,83
85,83
86,84
86,84
86,84
86,84
87,85
87,85
87,85
88,86
88,86
89,87
89,87
90,88
